/playlist?id=12655214309,华语R&B｜回春年代 百听不厌的节奏布鲁斯,4585,凌晨一点的莱茵猫
/playlist?id=7849682229,相信音乐 | 李宗盛热门歌曲精选,134万,网易云音乐
/playlist?id=6845433317,重返2010 | 从王菲开启2010聆听之旅,52万,云音乐经典专区
/playlist?id=8481090202,华语摇滚精选 | 经典不绝 摇滚不死,58528,云音乐经典专区
/playlist?id=12554056559,天赐的声音：如果可以 暮色回响 字字句句,5152,一定会成为富婆的
/playlist?id=7527357873,滚石唱片 | 那些年我们深夜听过的莫文蔚,69万,网易云音乐
/playlist?id=6847257638,摇滚之声 | 热血沸腾的经典国摇,42万,云音乐经典专区
/playlist?id=12423512206,「天赐的声音」最值得听的60首live ,34万,AlimYusif
/playlist?id=7848930171,相信音乐 | 唤起心中尚未崩坏的地方,357万,网易云音乐
/playlist?id=7233044181,经典现场 | 耳机里的演唱会,76万,云音乐经典专区
/playlist?id=8408326200,国语专属 | 你的国语歌曲专属推荐,351万,云音乐官方歌单
/playlist?id=12706578179,有歌2024 | 这个世界不能没有歌,10万,网易云音乐
/playlist?id=7527131664,滚石唱片 | 青涩岁月里的五月天,52万,网易云音乐
/playlist?id=6845706978,重温经典 | 磁带里的80年代,204万,云音乐经典专区
/playlist?id=8233799987,华语伤感男声 | 说不出口的话都唱给你听,422万,云音乐官方歌单
/playlist?id=12548419675,华语R&B｜当代R&B 浪漫生活的调味剂,24291,凌晨一点的莱茵猫
/playlist?id=7838437309,相信音乐 | 青春就是一场五月天！,364万,网易云音乐
/playlist?id=6957236804,重返1993 | 从周慧敏开始聆听来自1993年的经典热曲,35万,云音乐经典专区
/playlist?id=6686195218,心酸记事本 | 拼凑 已破碎的心灵,751万,云音乐官方歌单
/playlist?id=12483216525,经典老歌 | 90后MP3里那些年的青春回忆杀,24万,随心所欲男孩
/playlist?id=7527357861,滚石唱片 | 老男孩张震岳的秘密基地,73万,网易云音乐
/playlist?id=6703233707,华语节奏布鲁斯 | 情绪辗转反侧 雾气消散不开,1926万,云音乐官方歌单
/playlist?id=6845765666,青春流行 | MP3里的00年代华语金曲,203万,云音乐经典专区
/playlist?id=12504665735,通勤随心听｜一路不孤单抒情的华语R&B,19万,施绮言
/playlist?id=7775475086,回忆温柔 | 一首歌送给过去的自己,35万,网易云音乐
/playlist?id=8803637201,2010s华语R&B | 重回华语R&B新时代,107万,云音乐官方歌单
/playlist?id=9493371200,80年代经典流行 | 让蔡琴带你再次回味80年代的经典旋律,10万,云音乐经典专区
/playlist?id=12656069654,音综：我们的歌第六季，神仙舞台精选,3425,一定会成为富婆的
/playlist?id=7514752540,许巍 | 只有音乐和爱，才能带来感动,93万,网易云音乐
/playlist?id=8806443202,1990s华语R&B | 回到华语R&B金色年代,55万,云音乐官方歌单
/playlist?id=8481131201,环球经典老歌 | 魅力无限环球音乐精选,56646,云音乐经典专区
/playlist?id=12704232618,「深情•华语」把温柔留给值得的人,1019,一人众天WQ莣情
/playlist?id=7737156437,GAI周延 | 梦想不要怕太大，开口就是王炸,69万,网易云音乐
/playlist?id=6845404732,重返2006 | 从方大同开始探索精彩2006,41万,云音乐经典专区
/playlist?id=8892142201,华语R&B新潮 | 时下热门华语R&B动态,74万,云音乐官方歌单
/playlist?id=9381079097,华语R&B：百听不厌的华语节奏布鲁斯,99万,凌晨一点的莱茵猫
/playlist?id=7492285791,时代峰峻 | 时代少年团热门歌曲精选,58万,网易云音乐
/playlist?id=6686195784,2010s华语民谣 | 情浓曲却淡 简洁却不简单,1606万,云音乐官方歌单
/playlist?id=6686195221,思念成海 | 时光在你身上停留过,53万,云音乐官方歌单
/playlist?id=12573303801,DJ「车载劲爆，兜风专用，顶 级夜场嗨曲],57668,Velprh
/playlist?id=7718807599,颜社 | 蛋堡歌曲精选,34万,网易云音乐
/playlist?id=6686195221,思念成海 | 时光在你身上停留过,53万,云音乐官方歌单
/playlist?id=6845433317,重返2010 | 从王菲开启2010聆听之旅,52万,云音乐经典专区
/playlist?id=12652461415,开车兜风播放的R&B｜开车像约会一样浪漫,1330,超Q弹的金金金
/playlist?id=7476280844,时代峰峻 | 夏天到了，少年们回来了！,139万,网易云音乐
/playlist?id=7308142944,浪漫因子 | 可以邀请你和我一起去春天吗,823万,云音乐官方歌单
/playlist?id=8819423201,华语爵士 | 在晚风中品味浪漫柔情,21万,云音乐官方歌单
/playlist?id=12200756252,汪苏泷「十万伏特」2024巡演歌单,33万,是阿玖呀
/playlist?id=7718785279,颜社 | 国蛋歌曲精选,97552,网易云音乐
/playlist?id=6957226907,重返1997 | 杨乃文领衔带来1997年经典热曲,27万,云音乐经典专区
/playlist?id=8892140200,冬日华语 | 寒风中的动人旋律,24万,云音乐官方歌单
/playlist?id=12548260208,周深 毛不易 单依纯 张碧晨 郁可唯 任素汐,13万,一定会成为富婆的
/playlist?id=7368548653,福茂唱片 | 经典偶像剧OST,29万,网易云音乐
/playlist?id=6845433364,重返2000 | 林忆莲，张国荣等尽在2000年经典热曲,67万,云音乐经典专区
/playlist?id=8640538202,旅行听华语 | 愉快旅途 音乐相伴,62万,云音乐官方歌单
/playlist?id=9407025865,天赐的声音5：金曲舞台惊艳全场,21万,Alim-Official
/playlist?id=7708843538,"颜社 | 宝岛""嘻哈囝""，欢迎加入群聊",46万,网易云音乐
/playlist?id=8806443202,1990s华语R&B | 回到华语R&B金色年代,55万,云音乐官方歌单
/playlist?id=8233799987,华语伤感男声 | 说不出口的话都唱给你听,422万,云音乐官方歌单
/playlist?id=12564922080,90后回忆杀！这200首老歌每一首都戳中泪点,95万,不二叔爱听歌
/playlist?id=7210744423,乐华娱乐 | NEXT热门歌曲精选,56089,网易云音乐
/playlist?id=9493371200,80年代经典流行 | 让蔡琴带你再次回味80年代的经典旋律,10万,云音乐经典专区
/playlist?id=5199155506,怀旧点唱机 | 珍藏和聆听 属于记忆里的70.80年代,1846万,云音乐官方歌单
/playlist?id=12601076950,神仙嗓音：单依纯 周深 张碧晨 杨宗纬,16万,一定会成为富婆的
/playlist?id=7662449932,小娟&山谷里的居民 | 用音乐演绎生活,78433,网易云音乐
/playlist?id=6936637407,摇滚经典碰撞 | 在怀旧中体验新鲜,28万,云音乐经典专区
/playlist?id=2945028696,时光点唱机 | 经典老歌带你重回90年代 日更30首,5030万,云音乐官方歌单
/playlist?id=12573817765,爷青回！90后回忆杀 那些年MP3里的神曲,64万,不二叔爱听歌
/playlist?id=7095432074,黑豹乐队 | 致永不妥协的摇滚精神,38万,网易云音乐
/playlist?id=8804779200,2000s华语摇滚 | 在青春与自由的土地上肆意生长,19万,云音乐摇滚星球
/playlist?id=6845739711,记忆之声 | CD里的90年代,125万,云音乐经典专区
/playlist?id=12656639603,华语 | 90后回忆杀 一人一首成名曲,27420,随心所欲男孩
/playlist?id=9781230130,时光音乐会最值得听的60首精选,70万,一定会成为富婆的
/playlist?id=9596126355,天花板女嗓：单依纯 张碧晨 刘惜君 郁可唯,18万,一定会成为富婆的
/playlist?id=12632138158,8090后必听经典老歌！我们青春都在这里！,2098,不二叔爱听歌
/playlist?id=12719416551,后劲太大，请让emo情歌淹没我☹,1099,还未去过哪倒悬山
/playlist?id=12651009503,华语R&B｜沿途吹吹风浪漫无限,422,施绮言
/playlist?id=9690444186,最强音综：神级现场，惊艳全场,62万,一定会成为富婆的
/playlist?id=12501264222,经典老歌 | 90后带上耳机MP3里的青春回忆,83494,南风梦忧忧
/playlist?id=7662533400,郝云 | 理想主义永远闪着光,63225,网易云音乐
/playlist?id=8757386203,2000s华语R&B | 重回华语R&B豆蔻年华,75万,云音乐官方歌单
/playlist?id=6703233707,华语节奏布鲁斯 | 情绪辗转反侧 雾气消散不开,1926万,云音乐官方歌单
/playlist?id=12632193454,华语顶级嗓：单依纯 张碧晨 刘惜君 郁可唯,12万,一定会成为富婆的
/playlist?id=7095057417,风华秋实 | 华语乐坛的共振时刻,156万,网易云音乐
/playlist?id=8325650845,伤心频率 | 与你共鸣的精选华语,140万,云音乐官方歌单
/playlist?id=7585780211,强强联手 | 那些一加一大于二的合作,394万,云音乐官方歌单
/playlist?id=12688810176,遇见美好 | 生活里藏着无数治愈的力量,31708,四川贫困人口
/playlist?id=12564916434,8090后必听这些经典老歌，承载着青春的回忆,28万,不二叔爱听歌
/playlist?id=12652103093,回忆丨经典又流行的华语歌 一人一首代表作,1426,关于遗憾的故事
/playlist?id=9734585629,神仙舞台名场面！天赐的声音live,74万,一定会成为富婆的
/playlist?id=9736412483,林俊杰『JJ20』世界巡回演唱会重庆站已更新,25858,-G弦之歌-
/playlist?id=12622442250,甜甜恋曲｜我爱你在世界上也大是什么大秘密,288,凌晨一点的莱茵猫
/playlist?id=2312165875,100首华语民谣，因为懂得才有共鸣,5175万,情思天鹅
/playlist?id=12626569525,深海不会因为一杯热水而加温,2858,chelife
/playlist?id=12601032488,天赐的声音：单依纯 汪苏泷 张碧晨 杨宗纬,96829,一定会成为富婆的
/playlist?id=7662624876,水木年华 | 用真诚传递快乐,17万,网易云音乐
/playlist?id=6957231163,重返1994 | 从王菲开始回顾来自1994年的经典热曲,25万,云音乐经典专区
/playlist?id=8596628206,华语流行Hi-Res | 热门华语歌曲随身听,279万,云音乐HIFI享受
/playlist?id=12786877786,时光印记｜找寻那些属于我们的青涩,44976,桥本环奈_Fairy
/playlist?id=7059948706,中国唱片 | 中华民族唱片的宝藏曲库,36万,网易云音乐
/playlist?id=6957248137,重返1998 | 徐怀钰带你重温1998经典金曲,36万,云音乐经典专区
/playlist?id=8865057200,华语跑步BGM | 尽情燃烧卡路里,49万,云音乐官方歌单
/playlist?id=12605282831,经典老歌 | 属于90后的青春回忆,25362,随心所欲男孩
/playlist?id=12511338928,0.8× 白鸽乌鸦相爱的戏码 只会出现在童话,22万,白鱼暮归
/playlist?id=9466230257,天赐的声音+声生不息：历届金曲,16万,一定会成为富婆的
/playlist?id=9295587633,毛不易，单依纯，张碧晨，薛之谦，汪苏泷,77万,一定会成为富婆的
/playlist?id=9505685918,我是歌手：历届金曲名场面live,28万,一定会成为富婆的
/playlist?id=12711806088,华语温柔时光｜那些年我们心中的轻吟浅唱,15412,不准抢我蛋糕
/playlist?id=919939187,想开家茶馆，放首民谣给从前,1819万,螚安Vivienne
/playlist?id=9487776260,网络三巨头 ：许嵩 、汪苏泷 、徐良精选合集,17万,一定会成为富婆的
/playlist?id=12486457680,华语R&B：百听不厌的华语节奏布鲁斯,8654,白月不做梦
/playlist?id=7660895089,怀旧珍藏 | 愿时光能缓，故人不散,31万,网易云音乐
/playlist?id=8484246204,福茂经典老歌 | 那些熟悉的青春宝藏歌曲,34073,云音乐经典专区
/playlist?id=6845442284,重返2001 | 从孙燕姿开始聆听精彩2001,71万,云音乐经典专区
/playlist?id=12361297869,顶级音综：一开嗓直击心灵！,15万,一定会成为富婆的
/playlist?id=6952319059,我的音乐你听吗 | 有谱村的音乐故事,332万,网易云音乐
/playlist?id=6847249919,怀旧舞曲 | 复古迪斯科舞厅,13万,云音乐经典专区
/playlist?id=7050074027,阴天快乐 | 如果情绪有天气 我陷在阴天里,2945万,云音乐官方歌单
/playlist?id=12711444140,我在呢，我会倾听你每个情绪的理由,25万,夏天种花秋天晒太阳
/playlist?id=9471473728,神仙嗓音天花板：单依纯 徐佳莹 郁可唯周深,48万,一定会成为富婆的
/playlist?id=12696107660,90后回忆杀 MP3里经典老歌瞬间回到青葱岁月,1136,不二叔爱听歌
/playlist?id=12478788279,华语经典 | 90后回忆杀 初中最爱的流行歌曲,834,诗藏旧梦深
/playlist?id=12536771031,干劲满满！上下班路上的清新治愈旋律~,22670,白月不做梦
/playlist?id=9182116322,陈楚生神级舞台：再选一百次他都是冠军,22万,一定会成为富婆的
/playlist?id=3001035934,国风新潮大赏 | 歌声岂合世间闻,975万,蜜糖男孩
/playlist?id=12554572869,合伙人优选 | 极致抓耳的国风戏腔旋律,5987,音乐合伙人
/playlist?id=12633659256,超绝神仙嗓：单依纯 周深 张碧晨 杨宗纬,10万,一定会成为富婆的
/playlist?id=7636462655,曹方 | 流年从身边淌过，我们四季听你唱歌,24万,网易云音乐
/playlist?id=2945028696,时光点唱机 | 经典老歌带你重回90年代 日更30首,5030万,云音乐官方歌单
/playlist?id=12718935640,R&B回忆 | 踏上一场华语R&B的时间旅行,62266,云音乐RnB星球
/playlist?id=12501308052,听车载中文嗨曲 做品质女人,27151,月亮藏不住的小情绪
/playlist?id=7049343482,时光音乐会 | 以音乐为桥,28万,网易云音乐
/playlist?id=6845417475,重返2004 | 跟随蔡依林一起回顾2004经典热单,54万,云音乐经典专区
/playlist?id=8822642201,自驾之旅 | 在向往的路上享受时光,208万,云音乐官方歌单
/playlist?id=12655639016,华语｜90后回忆 耳熟能详的青春经典旋律,47731,随心所欲男孩
/playlist?id=12775741905,华语励志丨追光的人终会光芒万丈,19978,张大佛爷张大佛爷
/playlist?id=12626925255,天赐的神仙嗓音：一曲封神的顶级live！,1783,一定会成为富婆的
/playlist?id=9905297712,任素汐 毛不易 单依纯 张碧晨 薛之谦 张杰,15万,一定会成为富婆的
/playlist?id=12495218492,丟掉坏心情！上下班路上的音乐旅程,17万,冉冉不偷懒
/playlist?id=9688111518,一人一首成名曲 | 陪伴8090后青葱岁月,262万,诗藏旧梦深
/playlist?id=514947114,华语民谣 I 孤独的心诠释诗意和远方,2936万,YouTube全球音乐
/playlist?id=9673986928,那些好听到爆的经典老歌 一秒沦陷,390万,诗藏旧梦深
/playlist?id=12554132768,天赐的声音：若月亮没来 如果可以 字字句句,12万,一定会成为富婆的
/playlist?id=7597314544,滚石唱片 | 杜德伟热门歌曲精选,81348,网易云音乐
/playlist?id=7561460225,深夜归路人 | 给深夜归家的你留一盏灯,379万,云音乐官方歌单
/playlist?id=6686195217,清新气泡水 | 听了让你耳目一新的精选华语歌曲,51万,云音乐官方歌单
/playlist?id=12477473306,经典老歌 | 往事只能回味，人生已多风雨,24万,随心所欲男孩
/playlist?id=7049395408,草莓星球来的人 | 综艺音频全收录,38344,网易云音乐
/playlist?id=8822642201,自驾之旅 | 在向往的路上享受时光,208万,云音乐官方歌单
/playlist?id=8481090202,华语摇滚精选 | 经典不绝 摇滚不死,58528,云音乐经典专区
/playlist?id=12676914379,DJ中文热曲 | 最棒的抖腿车载 嗨到极致,3455,月亮藏不住的小情绪
/playlist?id=10180263776,《声生不息》头皮发麻的神级live,16万,一定会成为富婆的
/playlist?id=12583411431,R&B降噪｜放空漫步浪漫同频,2304,施绮言
/playlist?id=12640145521,华语R&B|陶喆/方大同/余佳运/王力宏,3703,一定会成为富婆的
/playlist?id=10169291589,【车载音乐】答案在路上 自由在风里,40万,小廖是颗开心的荷包蛋
/playlist?id=12736368624,合伙人优选 | 我言秋日胜春朝,1993,音乐合伙人
/playlist?id=2685449094,「居家古风」如何把生活过成诗,1299万,-穷尽诗家笔-
/playlist?id=12780995085,情感细语｜一点一滴汇聚心海温柔,83,不准抢我蛋糕
/playlist?id=12615758496,单依纯周深张碧晨陈楚生薛之谦汪苏泷,68341,一定会成为富婆的
/playlist?id=7596856116,滚石唱片 | 任贤齐热门歌曲精选,41万,网易云音乐
/playlist?id=8661866203,散步随身听 | 雨过天晴来场华语漫游·Hi-Res,12177,云音乐HIFI享受
/playlist?id=6845417475,重返2004 | 跟随蔡依林一起回顾2004经典热单,54万,云音乐经典专区
/playlist?id=12697516954,吸引好运 高能量显化歌曲丨把好心情放第一,2006,超Q弹的金金金
/playlist?id=7051875969,中国新说唱 | 音频全收录,24万,网易云音乐
/playlist?id=8170216695,孤独患者 | 总有一首歌能包容你的心事,242万,云音乐官方歌单
/playlist?id=8892140200,冬日华语 | 寒风中的动人旋律,24万,云音乐官方歌单
/playlist?id=12654530589,岁月留声机 | 90/00后的青春回忆杀,26534,随心所欲男孩
/playlist?id=12582178406,薛之谦 汪苏泷 毛不易 陈楚生 杨宗纬,7655,一定会成为富婆的
/playlist?id=12660546673,天赐的声音：张碧晨 汪苏泷 陈楚生 姚晓棠,2350,乐爷r
/playlist?id=12499453546,〔一首·歌曲〕捕获你的心尖尖♪治愈100%,1695,一人众天WQ莣情
/playlist?id=12557672249,你名字很短·却缠绕了我整个青春,47815,Whowouldlikeloneliness
/playlist?id=12488273741,那些好听却记不起名字的歌【每日推荐】,58万,以上皆非-
/playlist?id=3233164347,华语独立乐团｜将温柔塞满黄昏,469万,蜜糖男孩
/playlist?id=12767212840,周末聚会|美食与佳酿，热闹而惬意,10599,云音乐学姐
/playlist?id=12595925247,天赐的声音 | 等级Live神仙打架名场面,2543,随心所欲男孩
/playlist?id=7593579587,龙韬娱乐 | 黄子韬热门歌曲精选,63704,网易云音乐
/playlist?id=8482331202,相信音乐经典唱片 | 青春记忆 相信音乐经典合集,40099,云音乐经典专区
/playlist?id=6845908342,影视金曲 | 让记忆中的画面随歌声浮现,91万,云音乐经典专区
/playlist?id=12643750583,打开你的老歌播放列表 一起重温那些年经典,23万,不二叔爱听歌
/playlist?id=7371547358,为歌而赞 | 乐无正解 百赞成歌,12万,网易云音乐
/playlist?id=6957236804,重返1993 | 从周慧敏开始聆听来自1993年的经典热曲,35万,云音乐经典专区
/playlist?id=12371765641,打游戏听华语流行 | 华语旋律 进入深度沉浸,25万,云音乐每时每刻
/playlist?id=12655777991,一人一首成名曲 | 90后怀旧经典老歌,52683,随心所欲男孩
/playlist?id=12644925729,华语R&B｜清新旋律 浪漫生活的调味剂,2094,白月不做梦
/playlist?id=12629430526,华语｜恋爱频率开启~甜甜的恋爱马上到你！,662,凌晨一点的莱茵猫
/playlist?id=12730289425,就在日落之后 | 孙燕姿2025演唱会官宣,96035,苏笔墨1123
/playlist?id=12374392188,华语 | 90后那些年MP3里的经典老歌！,62万,诗藏旧梦深
/playlist?id=12681885253,「封神•live」好听到爆的现场‖精彩演绎,21万,一人众天WQ莣情
/playlist?id=6620660821,乐团世代丨台湾乐团编年史（1980-2021）,104万,陈北及
/playlist?id=12516797531,周传雄 凤凰传奇 伍佰 张信哲,13万,一定会成为富婆的
/playlist?id=12541082075,封神音综：顶级编唱神仙都沦陷！,94586,一定会成为富婆的
/playlist?id=7568132458,韩红 | 引吭高歌，首首荡气回肠,27万,网易云音乐
/playlist?id=6845896399,时光KTV | 把回忆唱给你听,208万,云音乐经典专区
/playlist?id=7403030418,相思情愁 | 失眠夜 总是和快乐走散,40万,云音乐VIP
/playlist?id=12694396533,8090后经典老歌300首｜纪念青春岁月,74846,随心所欲男孩
/playlist?id=7505456487,中国说唱巅峰对决 | 强强对决 巅峰集结,300万,网易云音乐
/playlist?id=8756917202,1990s华语民谣 | 重拾记忆里的流金岁月,41万,云音乐官方歌单
/playlist?id=8497858200,重返2014 | 与TFBOYS一起重回2014,50362,云音乐经典专区
/playlist?id=12461145779,华语 | 90后回忆杀 耳熟能详的经典老歌,7184,诗藏旧梦深
/playlist?id=9305324286,单依纯 任素汐 汪苏泷 张碧晨 陈楚生 张靓颖,69万,一定会成为富婆的
/playlist?id=12607527671,浪漫R&B｜生活易疲惫 来点rnb音乐来调味,42872,白月不做梦
/playlist?id=12466491231,毛不易 周深 张碧晨 薛之谦 单依纯,9058,一定会成为富婆的
/playlist?id=12767069610,林俊杰JJ20世界巡回演唱会收官站重庆场歌单,20624,Zearboy
/playlist?id=12818782008,新生说唱 | 城市的夜晚，每一段独白都唱,14万,No-马英杰
/playlist?id=2331136477,国风民谣 |满堂花醉三千客，一剑霜寒十四州,1849万,鹤禅眠
/playlist?id=9502587901,90后回忆杀：台湾偶像剧主题曲,91万,一定会成为富婆的
/playlist?id=6938208354,论古装剧里的神仙主题曲有多绝,418万,张大佛爷张大佛爷
/playlist?id=7793159162,「0.8x/0.9x」永远都不知道爱你的人多辛苦,279万,有风有雨没有你
/playlist?id=7573334831,【R&b旋律说唱】丝滑flow一秒上头,37万,Colorfully2025
/playlist?id=7410262456,生活不是电影 幸福源于珍惜,25万,Rosy爽子
/playlist?id=965735274,最emo的旋律说唱|最浪漫的rap开场,610万,计划计划履行
/playlist?id=12697517047,90回忆杀丨涌上心头的时代旋律,2203,祝你开心自由
/playlist?id=8070816063,『小酒馆经典民谣歌单』理想三旬，浅唱低吟,237万,诗藏旧梦深
/playlist?id=12339396405,音综神级live：一开嗓直击心灵！,35万,一定会成为富婆的
/playlist?id=7562480734,戴佩妮精选 | 一朵叛逆的野蔷薇,12万,网易云音乐
/playlist?id=8293792441,2010s华语摇滚 | 新时代的中国摇滚浪潮,99万,云音乐官方歌单
/playlist?id=9251843597,假期宅家听 | 充电进行中,21万,云音乐歌单之友
/playlist?id=12693021709,华语 | 一人一首成名曲90后难以忘记的时代,73410,随心所欲男孩
/playlist?id=7840686287,我们民谣2022 | 用音乐治愈心灵,114万,网易云音乐
/playlist?id=6957261848,重返1992 | 重温金城武，张楚以及更多1992经典热曲,33万,云音乐经典专区
/playlist?id=6845404732,重返2006 | 从方大同开始探索精彩2006,41万,云音乐经典专区
/playlist?id=12577693902,合伙人热荐 | 日落的寓意是未完待续,5282,音乐合伙人
/playlist?id=9286416393,石凯/黄子弘凡 /蒲熠星/文韬,10万,Poarisk
/playlist?id=12522103271,合伙人精选｜甜甜的华语 R&B 慵懒恋歌,2291,音乐合伙人
/playlist?id=12426468826,天赐的声音第五季最值得听的TOP30,13万,Alim-Official
/playlist?id=10131782395,深夜emo伤感丨一个人一首歌不同的故事,1723万,圆嘟嘟小甜饼
/playlist?id=12682073271,华语｜宿命与默契 充满be感的深情对唱,393,凌晨一点的莱茵猫
/playlist?id=2041615881,『曲作精选』细数古风圈原创作曲人❶,3019万,花色游戏
/playlist?id=12330682765,日常状态丨拥有快乐储蓄热爱,79437,云音乐学姐
/playlist?id=729556632,华语R&B | 陶喆方大同「特别典藏」,34万,NuT-DirK
/playlist?id=8760004461,神仙综艺live：教科书级别的现场,142万,一定会成为富婆的
/playlist?id=698720887,华语百首 | 回忆伤人无声，唱不尽世间遗憾,22271万,不会开挖掘机好丢脸
/playlist?id=7135110698,| 浪漫 温柔 |今天也是糖分超标的一天,46597,耀月星辰-
/playlist?id=7840128863,伤感emo歌单|深夜了来听听吧,103万,热评文案
/playlist?id=8537057028,甜度超标/要和对象一起听的甜甜的歌单,36万,是你的顾柒柒_cc
/playlist?id=9272352318,张碧晨 单依纯 薛之谦 毛不易 郁可唯 周深,78万,一定会成为富婆的
/playlist?id=8848011567,人间温柔：单依纯毛不易周深,114万,一定会成为富婆的
/playlist?id=12656635539,经典老歌90，00后回忆杀 你的青春一直都在,25097,随心所欲男孩
/playlist?id=7534118001,滚石唱片 | 细述刘若英的文艺人生,61万,网易云音乐
/playlist?id=8421612204,夏日华语 | 热门单曲让你的夏天更加火爆,172万,云音乐官方歌单
/playlist?id=924680166,华语速爆新歌 | 陈奕迅：致时间坐标中的每一个自己,108854万,网易云音乐
/playlist?id=12617725666,华语神仙嗓：单依纯 周深 毛不易 张碧晨,13万,一定会成为富婆的
/playlist?id=8201823014,时光音乐会 | 两季音频全收录,153万,网易云音乐
/playlist?id=8661641200,咖啡星球 | 将华语音符注入清香咖啡,83593,云音乐官方歌单
/playlist?id=6957236804,重返1993 | 从周慧敏开始聆听来自1993年的经典热曲,35万,云音乐经典专区
/playlist?id=12268029094,天赐的声音：开嗓直击心灵！！！,64万,一定会成为富婆的
/playlist?id=12672478257,神仙音综：声生不息×天赐的声音,3010,一定会成为富婆的
/playlist?id=10150476151,单依纯 张碧晨 周深 毛不易 陈楚生 汪苏泷,51万,一定会成为富婆的
/playlist?id=12655464916,「一人•一首」90后的校园青春回忆,1649,一人众天WQ莣情
/playlist?id=12557442319,张杰演唱会歌单2024南宁丨成都,56786,林等等丶
/playlist?id=12674145081,治愈曲调 | 藏在耳朵里的温柔,50810,月牙超级甜y_y
/playlist?id=5117602648,侠客行│江湖风起云涌，仗剑策马扬鞭,139万,Evelauren
/playlist?id=12626968268,0713再就业男团：老贝贝们的好歌精选,13337,一定会成为富婆的
/playlist?id=8912074743,华语R&B| 是冬夜里冒着热气的月亮 ,57万,流萤与诗
/playlist?id=8675573632,华语R&B | 丝滑转音，极度舒适,189万,FR4x
/playlist?id=5243981301,『薛之谦』你哭着说情缘已尽 难再续 难再续,157万,我们也许还会遇见
/playlist?id=7487805161,宝藏挖掘机|分享好音乐和金曲,9927万,小小小的可爱呀
/playlist?id=8480637512,超神押韵 | 跟着丝滑的flow晃就完事,26万,CtrlUshift
/playlist?id=12526720189,90后怀旧曲｜青春回忆 时光如水 岁月如歌,2934,一口松松酱
/playlist?id=8727597320,耳机里播放着的又是谁的遗憾.,202万,祺睿祺睿-真的爱睡
/playlist?id=7547176350,最强音综：神级现场，惊艳全场,113万,LiriCam
/playlist?id=12674370601,天赐的声音：神仙打架的顶级live,9889,一定会成为富婆的
/playlist?id=7388898544,春天花会开 | 以知相逢以音共奏,10万,网易云音乐
/playlist?id=6686195784,2010s华语民谣 | 情浓曲却淡 简洁却不简单,1606万,云音乐官方歌单
/playlist?id=8376978101,原创动画《伍六七》原声合集,28万,网易云音乐
/playlist?id=12231985750,天赐的声音：泪桥 指纹 何物 妥协 慢冷,116万,一定会成为富婆的
/playlist?id=8237704460,声生不息·宝岛季 | 有歌之年，歌自宝岛来,183万,网易云音乐
/playlist?id=9364024209,KTV劲曲 | 经典流行 陪你畅歌一整天,35万,云音乐经典专区
/playlist?id=8484246204,福茂经典老歌 | 那些熟悉的青春宝藏歌曲,34073,云音乐经典专区
/playlist?id=12656493657,华语 | 一人一首成名曲 总有一首歌能打动你,2388,随心所欲男孩
/playlist?id=12468131100,80，90后重温那些年你在街上哼过的经典老歌,82948,随心所欲男孩
/playlist?id=12640948826,20年前爆红·今销声匿迹的歌,1065,Whowouldlikeloneliness
/playlist?id=12679654931,华语热爱｜要在热爱里 爱的很慢很踏实！,1111,凌晨一点的莱茵猫
/playlist?id=12605950947,华语治愈｜别让生活耗尽了你的热爱与向往,855,凌晨一点的莱茵猫
/playlist?id=12716405636,『甜蜜心旅』遇见你，温柔我整个世界,8276,哥哥要喝排骨汤吗
/playlist?id=5386704458,礼义之邦｜华夏文明五千年，薪火相传永不灭,52万,乐天不乐
/playlist?id=12330775893,南波万_院人入坑歌曲,70025,little小星星_FaUr
/playlist?id=7718873660,『中文R&B』七分优雅 三分微醺 尽情享受,1754万,小廖是颗开心的荷包蛋
/playlist?id=7603083259,伤感说唱rap | 才想起我们还没有好好道别,999万,四川贫困人口
/playlist?id=7068342210,综艺｜有歌2024｜歌曲全收录,62137,小薛鸭鸭
/playlist?id=8834550683,中国式浪漫『故事感/宿命感』,20万,瞒于烟雨
/playlist?id=2117488943,经典老歌丨唱响流年的已逝芳华,367万,七秀酱
/playlist?id=12519291768,劲爆车载 DJ ‖ 车载中文歌曲 开车犯困必听,4383,月亮藏不住的小情绪
/playlist?id=12579682719,那些年，我们一起听过的老歌，谁的DNA动了,725,不二叔爱听歌
/playlist?id=12676982705,DJ车载硬曲 | 最棒的抖腿车载 嗨到极致,3068,月亮藏不住的小情绪
/playlist?id=12657710629,华语R&B：浪漫 微醺 缠绵 鼓点 氛围曲,21238,白月不做梦
/playlist?id=6849437846,摩登天空 | 热爱的乐队永远发光！,399万,网易云音乐
/playlist?id=8756917202,1990s华语民谣 | 重拾记忆里的流金岁月,41万,云音乐官方歌单
/playlist?id=8402855265,"中国说唱巅峰对决2023 | ""中说超""巅峰开赛",349万,网易云音乐
/playlist?id=9286334271,天赐的声音第五季第8期丨Live封神现场,40万,LiriCam
/playlist?id=8071093123,重温春晚金曲 | 寻找年夜饭桌上的音乐记忆,40万,网易云音乐
/playlist?id=6845897480,国语珍藏 | 给你一张过去的CD,2506万,云音乐经典专区
/playlist?id=8482331201,华纳经典老歌 | 不可错过的华纳音乐经典,92355,云音乐经典专区
/playlist?id=12486085747,DJ咚鼓歌曲 | 最棒的抖腿车载 嗨到极致,15047,月亮藏不住的小情绪
/playlist?id=12639940815,KTV必点：深情伤感老歌 每首都是故事,2905,乐爷r
/playlist?id=9946817162,天赐的声音最值得听的top50精选,110万,一定会成为富婆的
/playlist?id=12546260056,90后萦绕在耳畔的青春回忆杀,66698,乐爷r
/playlist?id=12663138118,华语R&B天花板：王力宏，陶喆，方大同等,3782,一定会成为富婆的
/playlist?id=12646450605,R&B｜你问我什么血型？R&B稀有血型！,422,波吉的小号
/playlist?id=6655442283,小众系｜宝岛台湾的温柔海风,544万,蜜糖男孩
/playlist?id=9824208790,经典老歌 | 90后回忆杀 给你一首我爱的歌,329万,诗藏旧梦深
/playlist?id=7392583710,华语R&B｜陶喆/方大同/余佳运/…,1078万,iiitinn
/playlist?id=8421208520,华语R&B：浪漫又好听的华语节奏布鲁斯,166万,凌晨一点的莱茵猫
/playlist?id=783622069,乐队 还有想去一万次的音乐节 - 摇滚,237万,Q--是不是你爱的她
/playlist?id=8871151099,古装意难平：谁是你心中的BE美学天花板,95万,一定会成为富婆的
/playlist?id=2913352877,不是所有的爱情都如愿以偿.,1403万,Harrs0n
/playlist?id=12624992279,顶级男嗓：陈奕迅 周传雄 张信哲 李宗盛,6840,一定会成为富婆的
/playlist?id=5108955230,本次列车终点站为:嘉禾望岗。,520万,be魚_
/playlist?id=12450205074,暧昧说唱：全糖热恋心动回应,10万,小熊不伤心_
/playlist?id=12689581696,励志华语｜没人等你 风生水起要靠自己,952,小乂怕疼
/playlist?id=6731094367,谁是宝藏歌手 | 综艺音频全收录,144万,网易云音乐
/playlist?id=6957248137,重返1998 | 徐怀钰带你重温1998经典金曲,36万,云音乐经典专区
/playlist?id=8006931752,摩登天空 | 你的单曲循环有多少来自摩登,66万,云音乐歌单之友
/playlist?id=12592183485,「90后·回忆」歌词本里的青涩年华,1586,一人众天WQ莣情
/playlist?id=8039486188,汪苏泷原创精选 | 走进实力唱作人音乐世界,99万,网易云音乐
/playlist?id=6957231163,重返1994 | 从王菲开始回顾来自1994年的经典热曲,25万,云音乐经典专区
/playlist?id=7233044181,经典现场 | 耳机里的演唱会,76万,云音乐经典专区
/playlist?id=9332993088,单依纯 张碧晨 周深 徐佳莹,59万,一定会成为富婆的
/playlist?id=12606443420,暖心情歌：梁静茹，单依纯，蔡健雅，郁可唯,1850,一定会成为富婆的
/playlist?id=12674638696,中文动感DJ丨车载歌曲 低沉鼓点 极致享受,3925,零碎的孤岛终会找到那片海
/playlist?id=12516730539,实力唱将：张碧晨 薛之谦 林俊杰 单依纯,7067,一定会成为富婆的
/playlist?id=12503956369,重温 | 90后回忆杀，耳熟能详的经典老歌,18万,随心所欲男孩
/playlist?id=12624684782,方大同 | 特别的人，特别的歌,49499,小翅膀的羽毛
/playlist?id=988690134,经典老歌，久听不厌,29850万,流年忧光影
/playlist?id=12766799065,合伙人力荐 | 搭个便车挤入秋天,3312,音乐合伙人
/playlist?id=7492116019,旧歌都杀回来了 旧人也会重逢吗.,828万,爱够L没
/playlist?id=8566131143,李荣浩纵横四海世界巡回演唱会歌单,76万,李大奔的甜心
/playlist?id=2391091037,【古风】听一遍绝对不会后悔的好听古风歌单,669万,是你的顾柒柒_cc
/playlist?id=6646665269,和你最爱的人 听最浪漫的歌,383万,有点酷ou
/playlist?id=8933775978,90后青春回忆杀 | 陪我们长大的电视剧主题,107万,诗藏旧梦深
/playlist?id=9353468541,周深 单依纯 汪苏泷 毛不易,51万,一定会成为富婆的
/playlist?id=12665429217,华语经典|90后回忆杀，那年我们一起追老歌,872,不二叔爱听歌
/playlist?id=12619965468,秋日短暂 | 要将可爱与你一起收藏,868,一片孤叶行舟
/playlist?id=12227034364,华语R&B | 节奏布鲁斯的漫步轻佻,30万,是你的顾柒柒_cc
/playlist?id=8168439211,天娱精选 | 灯光和花火一起闪亮，也亮不过我的梦想,36618,云音乐歌单之友
/playlist?id=6845908342,影视金曲 | 让记忆中的画面随歌声浮现,91万,云音乐经典专区
/playlist?id=7752312415,王菲经典 | 自在天后，唱游人间,71万,云音乐歌单之友
/playlist?id=12694038404,「怀旧篇」难以忘记九十年代的味道,71713,随心所欲男孩
/playlist?id=8377327676,双笙 | 笙声不息，爱慕未停,83469,云音乐歌单之友
/playlist?id=8408326200,国语专属 | 你的国语歌曲专属推荐,351万,云音乐官方歌单
/playlist?id=8661866203,散步随身听 | 雨过天晴来场华语漫游·Hi-Res,12177,云音乐HIFI享受
/playlist?id=12313270614,天赐的声音|音综封神舞台live,16万,一定会成为富婆的
/playlist?id=9882523097,任素汐 毛不易 周深 单依纯 张碧晨,17万,一定会成为富婆的
/playlist?id=12531295574,伤感DJ精选 劲爆车载专用嗨曲,8877,关于遗憾的故事
/playlist?id=9471373420,工作耳机放党：办公也需要松弛平衡,55万,一定会成为富婆的
/playlist?id=12695555519,励志向｜祝你在无数个选择中走向自己,10154,橘子觉主
/playlist?id=12587137395,「浴室·歌王」能忍住不唱算我输,41326,一人众天WQ莣情
/playlist?id=4887974807,青春的记忆|九十年代最好听的100首歌,1793万,宁遇夏
/playlist?id=9410563708,毛不易 | 周深 | 汪苏泷 | 单依纯,18万,一定会成为富婆的
/playlist?id=8937026669,神仙综艺：声生不息vs天赐的声音,66万,一定会成为富婆的
/playlist?id=5052168994,很想你 可是我们没话讲了,5154万,败映
/playlist?id=2743807342,「华语R&B」陷入耳机里的温柔旋律,713万,YouTube全球音乐
/playlist?id=8182235152,诗意国风听不厌，古风意境欲学习,84万,是你的顾柒柒_cc
/playlist?id=12627086885,城市日记 | 累也要记得放松一下自己,12万,变傻喷雾77
/playlist?id=5384908054,纯粹的小美好:喜欢你 是我做过最勇敢的事情,606万,去海边看烟花吗
/playlist?id=2648425409,【流行】后来她嫁给了生活，他娶了前程,647万,情感语录库
/playlist?id=12730059822,心动情歌｜甜蜜氛围中的浪漫气息,628,施绮言
/playlist?id=12539210503,天赐的声音live：历届金曲精选集！,36万,一定会成为富婆的
/playlist?id=8040041743,国风 | 熟悉的国风味道 哪一首有你的故事,18万,网易云音乐
/playlist?id=6969447123,月亮的歌 | 今晚月色真美,22万,云音乐经典专区
/playlist?id=8377438674,天赐的声音 | 大口呼吸，世界热烈,114万,网易云音乐
/playlist?id=12627168131,华语R&B：chill～在市井中放风和小情绪握手,1023,白鱼暮归
/playlist?id=7571447656,蒙面歌王 | 用歌声俘获你的心,65万,网易云音乐
/playlist?id=7706521452,浴室歌王 | 花洒就是我的麦克风，每天30首任你点唱,439万,云音乐官方歌单
/playlist?id=6845397923,重返2003 | 让朴树带你重回2003,45万,云音乐经典专区
/playlist?id=9377284526,柔情R&B：沉醉微醺韵律撩拨心弦,13万,New1an
/playlist?id=12592186263,劲爆中文DJ歌曲 车载专用嗨曲,9368,月亮藏不住的小情绪
/playlist?id=9717820963,单依纯 张碧晨 刘惜君 郁可唯 张靓颖,40万,一定会成为富婆的
/playlist?id=10009812616,天使女嗓：单依纯 张碧晨 郁可唯 姚晓棠,23万,一定会成为富婆的
/playlist?id=12576088985,车载DJ丨开车时候听的劲爆中文咚鼓歌曲,889,关于遗憾的故事
/playlist?id=12662453990,沧桑烟嗓：李宗盛 伍佰 杨宗纬 许巍 赵雷,3140,一定会成为富婆的
/playlist?id=2478853012,【国人唱见】百首佳作，一人一曲演绎一段情,787万,绊爱酱
/playlist?id=12448290473,治愈充能站｜通勤路上的治愈华语小调,2556,凌晨一点的莱茵猫
/playlist?id=8213357610,情歌R&B｜萦绕耳畔的浪漫絮语,465万,_枫叶做的风铃
/playlist?id=9120880311,天赐的声音：顶级live的神仙打架现场,84万,一定会成为富婆的
/playlist?id=8518823238,我们永远也回不到那天 对吗,51万,nuna-nuna_
/playlist?id=8670115994,车载DJ | 如果我是DJ你会爱我吗,212万,感情不是这样
/playlist?id=12592262791,「校园·录」90后MP3里的记忆之声,662,一人众天WQ莣情
/playlist?id=8903502265,华语 | 90/00后青春回忆杀 一人一首成名曲,154万,月亮藏不住的小情绪
/playlist?id=12665609187,华语经典|90后回忆杀百听不厌的老歌单,2270,不二叔爱听歌
/playlist?id=12227117790,8090后经典老歌|每首都承载一个动人的故事,261万,不二叔爱听歌
/playlist?id=12606065341,怀旧歌曲丨承载着回忆的经典之声,2144,随心所欲男孩
/playlist?id=7050186696,声临其境 | 用声音飙戏,55379,网易云音乐
/playlist?id=6845397923,重返2003 | 让朴树带你重回2003,45万,云音乐经典专区
/playlist?id=8293309078,吴青峰版权回归 | 世界美好 都不如你好,92423,网易云音乐
/playlist?id=9238869483,神级翻唱live：享受天花板级别的嗓音,45万,一定会成为富婆的
/playlist?id=8293407973,鱼丁糸 | 全宇宙的朋友大家好，我们回来了,11万,网易云音乐
/playlist?id=2920647537,还是会想你 | 一个人听的华语慢情歌,3930万,云音乐官方歌单
/playlist?id=8170169684,快乐到底 | 在欢快的华语节奏中让快乐DNA动起来,229万,云音乐官方歌单
/playlist?id=12693537786,华语90后经典老歌 | 如昨夜的酒醉前尘的梦,70995,随心所欲男孩
/playlist?id=12600630451,90后回忆杀 ！暴露年龄这些神曲你还会唱吗,3585,不二叔爱听歌
/playlist?id=12639951920,80、90后专属！这些经典老歌，你绝对听过,2165,不二叔爱听歌
/playlist?id=10089912508,张碧晨 | 杨宗纬 | 汪苏泷 | 单依纯,20万,一定会成为富婆的
/playlist?id=9964282654,华语R&B：耳熟能详的华语R&B歌曲,104万,凌晨一点的莱茵猫
/playlist?id=12695193489,华语｜人生海海 山山而川 不过尔尔,1892,白月不做梦
/playlist?id=7491779850,华语R&B丨终是浪漫世界值孤獨,373万,张大佛爷张大佛爷
/playlist?id=12716861606,合伙人强推 |将爱却晚秋,1997,音乐合伙人
/playlist?id=2144082923,哼首欢快的歌 来拯救你的小确丧,2778万,鹿白川
/playlist?id=8923553923,【甜度爆表】攒一堆甜歌 和爱的ta一起听！,88万,凌晨一点的莱茵猫
/playlist?id=7723849714,治愈系丨天空的画纸晚霞肆意挥洒,81697,以上皆非-
/playlist?id=8137957380,旧歌都杀回来了 那旧人还能再重逢吗.,433万,忘了吧忘了吧就忘了
/playlist?id=8963842801,华语治愈R&B | 阳光与你 温暖且美好,51万,白鱼暮归
/playlist?id=12643800197,经典永不过时，每一首老歌都值得循环播放,716,不二叔爱听歌
/playlist?id=12538152140,时光音乐会| 第一二三季合辑收录,17万,喵渴懒惰
/playlist?id=12646423724,华语R&B：沿途吹吹风听浪漫无限,1661,小熊不伤心_
/playlist?id=10145579133,镜中渊〖戏腔婉转歌喉，一念到老白头〗,63452,白茶酒舍-青梅酒
/playlist?id=12222798314,高分音综：天赐的声音+歌手2024+声生不息,28508,一定会成为富婆的
/playlist?id=12788525429,秋日治愈｜又到了听陈绮贞的季节/温柔/慵懒,137,失忆宇宙
/playlist?id=919620061,你总要一个人，经历些难捱的日子。,4587万,mayuko然
/playlist?id=7613104556,华语经典 | 听这些歌的90后都长大了,1235万,月亮藏不住的小情绪
/playlist?id=612106846,姹紫嫣红看遍，鲜衣怒马少年。,875万,Colredsh
/playlist?id=8386909097,华语流行 | 90/00后青春回忆 经典怀旧歌曲,428万,诗藏旧梦深
/playlist?id=12657163779,盛夏光年丨像风一样自由 奔赴属于我的远方,2065,月亮藏不住的小情绪
/playlist?id=5318800042,街头音浪 | 由街头音乐寻踪生活原味,36万,网易云音乐
/playlist?id=12597740642,台味Indie | 华语摇滚浪潮的中坚力量,39053,云音乐摇滚星球
/playlist?id=7793230288,相思赋予谁，小辫儿张云雷,19万,网易云音乐
/playlist?id=12291302678,天赐的声音第五季最值得听的TOP30,64万,一定会成为富婆的
/playlist?id=7603391674,罗大佑宝藏曲库 | 我们会永远需要罗大佑,39万,网易云音乐
/playlist?id=6847257638,摇滚之声 | 热血沸腾的经典国摇,42万,云音乐经典专区
/playlist?id=2920647537,还是会想你 | 一个人听的华语慢情歌,3930万,云音乐官方歌单
/playlist?id=12683398712,车载精选｜自由是灵魂的氧气,5593,猴里贵想吃麦当劳
/playlist?id=12578453255,「会员·专享」最撩人的情歌，甜蜜浪漫!,67816,一人众天WQ莣情
/playlist?id=9917198051,陈楚生，王赫野，汪苏泷，薛之谦，周深,19万,一定会成为富婆的
/playlist?id=12683791745,「影视•歌单」听！影视剧中出圈的神曲,2132,一人众天WQ莣情
/playlist?id=12687454708,中文R&B：三分微醺 七分优雅 尽情享受,1993,乐爷r
/playlist?id=9976608564,陈楚生，汪苏泷，王赫野，张碧晨，周深,83574,一定会成为富婆的
/playlist?id=2721184237,回春丹/草东/新裤子/犬儒/花墙/告五人,836万,alasye
/playlist?id=12238269014,[综艺] 种下一个未来 十个勤天巡回演唱会,11万,莲绮梦
/playlist?id=7493015991,超甜/心动/奔向你的路上，风都是甜的,270万,失忆宇宙
/playlist?id=5320325908,深夜emo歌单「孤独」「伤感」「心碎」,6736万,四川贫困人口
/playlist?id=7601673633,深夜emo情歌 | 原来我真的无人问津,2328万,四川贫困人口
/playlist?id=8710386174,华语 | 一人一首成名曲 火爆华语乐坛,1509万,诗藏旧梦深
/playlist?id=9964159988,华语R&B：耳熟能详的经典R&B歌曲,92万,凌晨一点的莱茵猫
/playlist?id=112540048,听歌呀，有时候需要一些缘分,303万,亲爱的猫哭
/playlist?id=12788948076,热门说唱rap | 好好生活慢慢爱你,109,一片孤叶行舟
/playlist?id=8468112981,清晨旋律 | 起床必听的清爽小调,106万,早起头发会炸毛
/playlist?id=6583080456, 【中文说唱】顶级优质旋律控～ ,145万,J-xxing
/playlist?id=8457717217,浪漫轻小调/暮色下温柔慵懒的耳边絮语,26万,CtrlUshift
/playlist?id=747161173,凌晨四点我看见海棠花未眠,341万,得意须尽欢--
/playlist?id=2894197518,环游遍了整个星系，找不到比你更亮的星星,1476万,mayuko然
/playlist?id=7670051699,0.8x睡不着的凌晨 回不去的我们,1028万,夜长未必
/playlist?id=8405474117,华语 | 90后回忆杀 一人一首成名曲,1162万,诗藏旧梦深
/playlist?id=9855765036,0713神级现场：听完头皮发麻！,18万,一定会成为富婆的
/playlist?id=12500530294,秋季限定｜收获属于秋天的丰饶吧,12万,困困小椰椰
/playlist?id=12696801630,「电量1%•也要听」每一首都好听出圈⭕,10万,一人众天WQ莣情
/playlist?id=8384145361,"天赐的声音4 | 天作之合 ""鲜""声夺人",64万,网易云音乐
/playlist?id=6845412669,重返2005 | 跟随林俊杰的一千年以后进入2005,72万,云音乐经典专区
/playlist?id=7572863604,2022中国好声音 | 用音乐见证蜕变,49万,网易云音乐
/playlist?id=12694396558,90后回忆杀 | 重温非主流的时光,26320,随心所欲男孩
/playlist?id=7535304655,梦想的声音 | 用歌声助力平凡梦想,55万,网易云音乐
/playlist?id=8835218200,宅家听华语 | 超好听华语陪你度过居家时光,122万,云音乐官方歌单
/playlist?id=8484467200,英皇经典唱片 | 港味浓情 粤式英皇精选,35947,云音乐经典专区
/playlist?id=10024899665,天赐的声音：汪苏泷&张碧晨&陈楚生&姚晓棠,66万,一定会成为富婆的
/playlist?id=12716268479,听中文车载歌曲 享幸福时刻,758,月亮藏不住的小情绪
/playlist?id=9483678311,陈楚生 | 单依纯 | 张碧晨 | 汪苏泷 | 周深,45万,一定会成为富婆的
/playlist?id=10028686145,十个勤天董事专属歌单,22万,夏舒睡不醒
/playlist?id=9788194177,劲爆中文DJ【车载专用嗨曲】官方推荐,10万,艾君子-
/playlist?id=12578238373,华语嗨歌丨欢迎加入开心制造商,22万,露露在发呆
/playlist?id=83942307,【戏腔专题】伶人入画，一生天涯,3457万,辞雀
/playlist?id=9482813249,陈楚生流氓音色有多绝？一开口惊艳全场,23万,一定会成为富婆的
/playlist?id=8259436262,华语顶级音综：一开嗓神仙沦陷,40万,LiriCam
/playlist?id=5318604184,你最爱的歌 我会反复听,1940万,四川贫困人口
/playlist?id=7625139112,『8090时光』那些年传唱大街小巷的歌,740万,W-沙丁鱼罐头
/playlist?id=2030819293,建议和对象一起听的甜rap,98万,InTheStreets
/playlist?id=12457734587,00年代 | 纪念我们悄然逝去的青春,2695,诗藏旧梦深
/playlist?id=7723916684,治愈的歌，疲惫时暂且休息下也好,33万,以上皆非-
/playlist?id=12391227711,《我们的歌》《天赐的声音》《歌手2024》,20049,一定会成为富婆的
/playlist?id=2230318386,予你情诗百首，余生你是我的所有,6662万,YouTube全球音乐
/playlist?id=9399825961,一键开启愉悦心情：把坏情绪通通赶走,55万,祝你开心自由
/playlist?id=8912442592,2004华语经典：回忆燃烧的岁月,26836,萌萌比卡丘呐
/playlist?id=717920155,若有热血藏于心 岁月从不败少年,518万,LK十年
/playlist?id=9404204667,90后经典老歌：KTV必点经典回忆,51万,一定会成为富婆的
/playlist?id=8468617465,华语独立浪漫丨一起出逃到黄昏公园,21万,CtrlUshift
/playlist?id=8426539989,通勤必备｜听歌是最治愈的放松,96533,萌萌比卡丘呐
/playlist?id=12736213935,8090后必听的老歌合集，每一首都是一段故事,313,不二叔爱听歌
/playlist?id=12783557255,沉入云海丨未来一切皆可期,48798,FRESH_ye新叶
/playlist?id=12644048660,90后回忆杀！一首老歌，一个故事，一段青春,159万,不二叔爱听歌
/playlist?id=8234437617,声生不息宝岛季 | 你最想听谁带来宝藏金曲?,49万,云音乐歌单之友
/playlist?id=12718935640,R&B回忆 | 踏上一场华语R&B的时间旅行,62266,云音乐RnB星球
/playlist?id=7066400266,谢春花 | 自由现代的浪漫女声,39万,网易云音乐
/playlist?id=9350801335,神仙歌手：单依纯 张碧晨 郁可唯 周深,104万,一定会成为富婆的
/playlist?id=8049852721,李润祺 | Z世代全能音乐唱作人,50092,网易云音乐
/playlist?id=8113289667,分手快乐 | 听到的不是旋律 却是回忆,268万,云音乐官方歌单
/playlist?id=8804731200,2020s华语摇滚 | 在音浪与自由之境尽情燃烧,24万,云音乐摇滚星球
/playlist?id=9680703509,流行歌曲 | 陪伴90后青春 一人一首成名曲,91万,诗藏旧梦深
/playlist?id=9371638302,【中文/R&B】微醺 暧昧 缠绵 浪漫氛围感,22万,白月不做梦
/playlist?id=12680693307,华语R&B｜清新浪漫曲 愿一切美好如约而至~,330,凌晨一点的莱茵猫
/playlist?id=12641873435,90后回忆杀那些年我们循环播放的宝藏老歌,1691,不二叔爱听歌
/playlist?id=12615757868,华语｜人生不会太过圆满 求而不得未必遗憾,51490,凌晨一点的莱茵猫
/playlist?id=12659296496,华语私藏|浪漫情调的永恒恋曲,11万,云音乐学姐
/playlist?id=9142031796,陶喆+方大同：不可抵挡的R&B魅力,56万,一定会成为富婆的
/playlist?id=12681888613,中文伤感DJ丨听车载咚鼓歌曲 做品质女人,5324,月亮藏不住的小情绪
/playlist?id=625683970,国语乐队邀请您及时行乐,57万,何小飯儿
/playlist?id=8790013163,古偶虐心ost：如果爱恨两难 不如放我归山,31万,白鱼暮归
/playlist?id=7643784365,那些好听却记不起歌名的歌【每日推荐】,472万,恋爱单排选手h
/playlist?id=9116115474,神级音综live：教科书级别的舞台！,147万,一定会成为富婆的
/playlist?id=2786240378,华语说唱：撩得你无法自拔,827万,小攀哟
/playlist?id=7452258912,甜系动听rap丨无处安放的心跳,240万,Listento丶music
/playlist?id=12628546493,2024顶尖综艺 盘点那些神仙打架live,1850,一定会成为富婆的
/playlist?id=12619977919,街角便利店|无人问津小巷也有专属温柔,63271,云音乐学姐
/playlist?id=2766896532,越长大越觉得 保持联系也是一件很难的事,1278万,mayuko然
/playlist?id=9935691051,十个勤天种地吧,38306,lxiaty
/playlist?id=12720928311,《有歌2024》华语乐坛新力量的璀璨绽放,267,人间浪漫收藏家
/playlist?id=9994205393,皇朝中我指鹿为马一人一刀破金甲,95万,宵尭
/playlist?id=7677040115,80后｜回味经典老歌，再续当年情,466万,还未去过哪倒悬山
/playlist?id=8259386068,神仙综艺：声生不息vs时光音乐会,76万,LiriCam
/playlist?id=8746030879,『车载』开车不听DJ?那还不如不开！,57万,D不动明
/playlist?id=9190629502,车载烟嗓歌曲：半吨 虎二 海来阿木 3秒超市,155万,随心所欲男孩
/playlist?id=12302787711,汪苏泷2024十万伏特演唱会歌单（持续更新）,48630,小冉SAMA
/playlist?id=7371716525,福茂唱片回归云村 | 韦礼安热门精选,10万,网易云音乐
/playlist?id=8804782200,1990s华语摇滚 | 迷茫和躁动中的蓬勃发展,12万,云音乐摇滚星球
/playlist?id=7098586480,滚石唱片 | 那些影响过你的滚石经典,222万,云音乐歌单之友
/playlist?id=12259807770,任素汐 张碧晨 单依纯 薛之谦 陈楚生 周深,33万,一定会成为富婆的
/playlist?id=10060179200,硬地摇滚上新 | 康士坦的变化球新歌点亮困境中的光,23342,硬地原创音乐榜
/playlist?id=2829883282,华语私人雷达 | 最懂你的华语推荐 每日更新35首,213405万,云音乐官方歌单
/playlist?id=8408326200,国语专属 | 你的国语歌曲专属推荐,351万,云音乐官方歌单
/playlist?id=12463419337,中文R&B：清新又浪漫的节奏布鲁斯旋律,1435,白月不做梦
/playlist?id=12676719495,致敬青春，90后的回忆，那些百听不厌的老歌,32859,不二叔爱听歌
/playlist?id=12569374399,『伤感/硬曲DJ』听硬曲DJ 不做心碎女人,32万,凌晨一点的莱茵猫
/playlist?id=12624770535,那些年我们一起听过的歌，现在听起来都是泪,1729,不二叔爱听歌
/playlist?id=12698455119,欢快小调治愈心情丨黄色代表阳光好运好心情,246,超Q弹的金金金
/playlist?id=12623620356,卢广仲‖合集歌单，更新中，大人中,3459,KASABLANKA7
/playlist?id=8834926705,【乐队】我正在把音乐倒进耳朵里,73万,大壳儿628
/playlist?id=12645390381,解忧驿站｜在喜欢的氛围里享受所有,24736,情思天鹅
/playlist?id=9127189679,单依纯 张碧晨 薛之谦 周深 郁可唯 陈楚生,104万,一定会成为富婆的
/playlist?id=7523187633,旧歌都杀回来了 那旧人也该重逢了吧.,391万,冰诀-
/playlist?id=6880490821,华语民谣丨故事和酒，未来与她,887万,张大佛爷张大佛爷
/playlist?id=33919841,一人一首华语好声音【男生篇】,1881万,一个梨兔叽
/playlist?id=753776811,毛不易 | 唱尽人生百态 道出苦辣酸甜,1760万,吴邪-_-
/playlist?id=9173861253,林俊杰 李荣浩 薛之谦 汪苏泷,51万,一定会成为富婆的
/playlist?id=8503853636,【快乐歌单】治愈不开心，唤醒好心情,22万,cibleo
/playlist?id=5251653418,华语怀旧 | 听一首老歌 念一段时光,989万,Dream_d7
/playlist?id=7453582179,华语宝藏库：哪首歌词会让你触景生情,613万,Whowouldlikeloneliness
/playlist?id=6860081076,我是木讷的树你是自由的风.,338万,_Miss-seven
/playlist?id=9323043925,邓紫棋 汪苏泷 李荣浩 张杰 林俊杰,26万,一定会成为富婆的
/playlist?id=9483077786,「一人一首」8090后我们抄过的歌词,262万,不二叔爱听歌
/playlist?id=9855759055,陈楚生：“在冰冷深林中，我已穿行太久”,76606,一定会成为富婆的
/playlist?id=8972280816,陶喆、方大同、颜人中、余佳运、郑润泽,73万,乐爷r
/playlist?id=8850003475,张远 陈楚生 苏醒 王栎鑫 陆虎,33万,一定会成为富婆的
/playlist?id=8738977435,怀旧经典老歌|百听不厌,18万,日记里情无解
/playlist?id=12627124458,车载嗨曲丨中文DJ 咚鼓 异域风情 摇摆至上,3123,月亮藏不住的小情绪
/playlist?id=7051820754,嗨唱转起来 | 综艺音频全收录,26462,网易云音乐
/playlist?id=8819423201,华语爵士 | 在晚风中品味浪漫柔情,21万,云音乐官方歌单
/playlist?id=8250917816,滚石唱片 | 华语经典永不落幕,86万,网易云音乐
/playlist?id=9402318338,华语 | 一人一首成名曲 火爆华语乐坛,24万,AlimOfficial
/playlist?id=10060195200,硬地说唱上新 | 马赫mood新歌国王的演讲为自己加冕,24795,硬地原创音乐榜
/playlist?id=8484467201,百代经典老歌 | 百年光辉历史 经典旋律永存,53797,云音乐经典专区
/playlist?id=2829883282,华语私人雷达 | 最懂你的华语推荐 每日更新35首,213405万,云音乐官方歌单
/playlist?id=10101614852,华语R&B丨陶喆 方大同 余佳运..邂逅rnb金曲,14万,超Q弹的金金金
/playlist?id=9846552359,【紧急预习】张韶涵2024演唱会歌单精选,24万,屁特Pite
/playlist?id=12461371795,华语老歌 | 给你一张过去的CD 经典的旋律！,3001,诗藏旧梦深
/playlist?id=9976270592,任素汐 陈楚生 周深 毛不易 林俊杰 汪苏泷,64万,一定会成为富婆的
/playlist?id=9704619254,90后青春：SHE 王心凌 梁静茹 孙燕姿张韶涵,12万,一定会成为富婆的
/playlist?id=12291339896,周延「GAI进化论」2024世界巡回演唱会,10万,LY-TO
/playlist?id=896260777,"B面第一首 ""非主打""备胎的忧伤",420万,掌柜阿峻
/playlist?id=12629365606,恋爱宣告！攒一堆甜甜的歌 和爱的ta一起听~,351,凌晨一点的莱茵猫
/playlist?id=2326852397,她像是含苞待放的花骨朵儿,534万,暴雨淋在圣诞节-
/playlist?id=2993576696,看古言小说听的话超棒！（已排序）,82万,尔子酱
/playlist?id=5180090157,▶ 汪苏泷 ∣按专辑顺序听歌,11万,喝个椰子
/playlist?id=7113381362,深夜emo伤感 | 「失望」「内疚」「麻木」,2655万,夜长未必
/playlist?id=12738153923,合伙人力荐 | 枫叶红时多别离,1519,音乐合伙人
/playlist?id=9312113126,打败所有不愉快：听了会开心的歌,70万,一定会成为富婆的
/playlist?id=8697461739,90/00后回忆杀 | 哪首歌代表了你的青春,416万,诗藏旧梦深
/playlist?id=8818277736,RB呆呆破余佳运方大同颜人中郑润泽陶喆,46333,Curcio_July
/playlist?id=12593287200,治愈辑｜在细碎的美好里感受生活的温度,16311,冉冉不偷懒
/playlist?id=12495186341,DJ嗨曲丨听DJ车载硬曲 过快乐人生,3140,零碎的孤岛终会找到那片海
/playlist?id=9444595290,那些年我们一起追过的台湾偶像剧,79万,一定会成为富婆的
/playlist?id=12297442313,天赐的声音：神级演唱惊艳全场,78万,一定会成为富婆的
/playlist?id=8212680858,快乐再出发｜0713再就业男团歌曲合集,34万,于是路过人间
/playlist?id=10051712707,一键get：听了会开心的歌单,20万,冉冉不偷懒
/playlist?id=8670133520,听硬曲DJ 做幸福女人 〖DJ〗,735万,感情不是这样
/playlist?id=9266788033,:)谁跟神经病较劲呐,10万,今天发点什么癫好呢
/playlist?id=12700406174,劲爆流行DJ丨热门车载音乐 中文咚鼓,8457,零碎的孤岛终会找到那片海
/playlist?id=7532323676,滚石唱片 | 蓬勃的摇滚时代,28万,网易云音乐
/playlist?id=8892140200,冬日华语 | 寒风中的动人旋律,24万,云音乐官方歌单
/playlist?id=8049865757,华语流行 | 时光回溯中的流行原创音乐,65万,网易云音乐
/playlist?id=12656674237,90后经典回忆杀｜一人一首成名曲,25757,随心所欲男孩
/playlist?id=12711978640,河南说唱精选,23266,原创君
/playlist?id=8232519802,华语伤感女声 | 往事有伤 回忆无声,281万,云音乐官方歌单
/playlist?id=6686195218,心酸记事本 | 拼凑 已破碎的心灵,751万,云音乐官方歌单
/playlist?id=12641825441,华语 | 因为遇见你，我对人间动了心,12968,随心所欲男孩
/playlist?id=12602719939,90后回忆杀！ 当年神曲，现在听还是好听！,2283,不二叔爱听歌
/playlist?id=9470373067,0713：陈楚生，陆虎，张远，王铮亮，苏醒,22万,一定会成为富婆的
/playlist?id=12539163548,华语顶级治愈嗓：神仙听了都沦陷！,19万,一定会成为富婆的
/playlist?id=10042028531,华语 | 一人一首成名曲 火爆华语乐坛,154万,随心所欲男孩
/playlist?id=12652447334,那些年，MP3里循环播放的歌，我们都还记得,1304,不二叔爱听歌
/playlist?id=9056169489,0.8x耳机里播放着是谁的遗憾,35万,切歌高手
/playlist?id=9338423351,热搜综艺嗓：单依纯 | 汪苏泷 |周深,21万,一定会成为富婆的
/playlist?id=6771433039,【超甜情歌】谈恋爱真麻烦，那以后麻烦你啦,311万,是你的顾柒柒_cc
/playlist?id=6904576896,余佳运&郑润泽&颜人中&方大同,265万,Harlotte_evol
/playlist?id=5245955646,说唱情歌：专属于rapper的温柔,37万,奔赴她是一场空
/playlist?id=5387670600,黄誉博｜陪他抵达梦寐之地,67883,执胭
/playlist?id=3041430743,伤感说唱rap | 假 如 生 活 欺 骗 了 你,2210万,泡沫_sn
/playlist?id=8633238422,质疑我爸 理解我爸 成为我爸,97万,端庄的勺子
/playlist?id=6744990876,哪句摇滚歌词最能打动你,181万,mayuko然
/playlist?id=12224583096,『伤感/硬曲DJ』听DJ慢摇 做自信女人,47万,凌晨一点的莱茵猫
/playlist?id=418165881,华语经典 | 当年红遍街头巷尾的歌曲,1541万,Tursunay-Turap
/playlist?id=12676961390,那些被岁月珍藏的经典旋，律重温旧日情怀,1271,不二叔爱听歌
/playlist?id=2424030849,[中文咚鼓dj]忽然想起你 然后笑了笑我自己.,2619万,卑微邪儿在线尋歡
/playlist?id=10125909176,0713再就业男团：此生皆欢喜,41263,一定会成为富婆的
/playlist?id=12679311210,那年我们耳熟能详华语经典 一首歌一个故事,233,不二叔爱听歌
/playlist?id=5384089328,愿你放得下过往，也对得起将来,628万,薛之谦的前女友
/playlist?id=10115027923,天赐的声音：如果可以 若月亮没来 字字句句,75万,一定会成为富婆的
/playlist?id=12208404943,超燃rap说唱 |麒麟 飘向北方 电梯战神,31万,一定会成为富婆的
/playlist?id=12623843075,单依纯周深陈楚生张碧晨王心凌王赫野姚晓棠,2720,一定会成为富婆的
/playlist?id=7532316817,滚石唱片 | 音乐中的人情冷暖和人生感悟,40万,网易云音乐
/playlist?id=6845897480,国语珍藏 | 给你一张过去的CD,2506万,云音乐经典专区
/playlist?id=8035738924,华语经典旋律 | 重温心中最温柔的风景,21万,网易云音乐
/playlist?id=12632024443,经典老歌 | 90后回忆杀 神仙打架的华语乐坛,3194,随心所欲男孩
/playlist?id=12617353175,华语R&B |爱让人像小孩 怕一个人孤独,26576,古瑞斯Graps
/playlist?id=8804731200,2020s华语摇滚 | 在音浪与自由之境尽情燃烧,24万,云音乐摇滚星球
/playlist?id=8170216695,孤独患者 | 总有一首歌能包容你的心事,242万,云音乐官方歌单
/playlist?id=12633048545,80，90后怀旧金曲 | 一听泪奔的经典老歌,24585,随心所欲男孩
/playlist?id=12587329089,中文车载丨 咚鼓歌曲 听DJ硬曲 过快乐人生,1737,月亮藏不住的小情绪
/playlist?id=12548245973,华语流行 | 90后青春回忆杀 是老歌 是经典,37408,随心所欲男孩
/playlist?id=12547998354,天赐的声音+我们的歌：金曲live,3081,一定会成为富婆的
/playlist?id=9864464185,十个勤天（禾伙人专属歌单）,204万,durr-
/playlist?id=12728984760,2025孙燕姿「就在日落以后」巡回演唱会,1157,LY-TO
/playlist?id=6697491422,华语R&B|和喜欢的人一起听歌就有双倍的快乐,679万,暮色来迟
/playlist?id=12754027988,治愈心情｜要相信 未来依旧美好可期,15555,长裙小矮子_l
/playlist?id=6880777536,国风戏腔 | 戏子演绎悲欢离合,874万,张大佛爷张大佛爷
/playlist?id=2354578723,公路之歌：此生必驾318川藏线,349万,何小飯儿
/playlist?id=5349291073,你喜欢的歌 我听上万遍,2280万,四川贫困人口
/playlist?id=8262499673,华语CD馆：重温90后的经典老歌,305万,Whowouldlikeloneliness
/playlist?id=7220849432,Emo说唱 | 伤口在烟雾中凝结,3233万,ZISHUMIXI
/playlist?id=10132720859,经典老歌 | 90，00后带上耳机MP3里的回忆杀,71万,随心所欲男孩
/playlist?id=8608579554,华语 | 90后回忆杀 时光匆匆用歌声留住青春,1003万,诗藏旧梦深
/playlist?id=5351103288,戏腔 | 她唱着他乡遇故知一步一句是相思,74万,艺术家上线啦
/playlist?id=12672884503,华语R&B｜温柔旋律 让浪漫和爱把生活填满,246,白月不做梦
/playlist?id=7638527160,摇滚刺客/梅卡德尔/草东/散人/康士坦/醒山,157万,肆玖音乐
/playlist?id=12521460852,妈妈人生是旷野啊 我不想结婚了,26万,音乐歌单
/playlist?id=8446196553,永远摇滚 | 我向往的是真爱和自由,77万,辉辉FKZ
/playlist?id=7659139684,独处计划：安静听歌惬愈美生活,50141,骑车去芬兰玩
/playlist?id=10035669020,张碧晨汪苏泷陈楚生周深张杰毛不易,73175,一定会成为富婆的
/playlist?id=102545587,华语 | 因为你，我愿意成为更好的人,223万,八月夏末_
/playlist?id=8861508816,余佳运，呆呆破，郑润泽，队长，刘大壮,18万,一定会成为富婆的
/playlist?id=12662119318,音综live：《我们的歌》+《天赐的声音》,2980,一定会成为富婆的
/playlist?id=7532158499,滚石唱片 | 华语乐坛启蒙的80年代,25万,网易云音乐
/playlist?id=8484467200,英皇经典唱片 | 港味浓情 粤式英皇精选,35947,云音乐经典专区
/playlist?id=7849046192,华语青春站 | 梦回千禧复古专场,59万,网易云音乐
/playlist?id=12622505425,治愈阳光！像向日葵一样 永远追寻太阳~,1405,白月不做梦
/playlist?id=12692656230,「百万•大众收听」单循热歌‖刻进DNA,4421,一人众天WQ莣情
/playlist?id=12597740642,台味Indie | 华语摇滚浪潮的中坚力量,39053,云音乐摇滚星球
/playlist?id=6686195217,清新气泡水 | 听了让你耳目一新的精选华语歌曲,51万,云音乐官方歌单
/playlist?id=12691103302,「100首•经典老歌」70后的‖年少时代,4547,一人众天WQ莣情
/playlist?id=12592473460,调休不疲惫！假日的快乐与美好在向你招手~,1078,白月不做梦
/playlist?id=12656462888,劲爆咚鼓DJ丨中文嗨曲 听DJ硬曲 做幸福女人,1892,零碎的孤岛终会找到那片海
/playlist?id=12741572597,百首治愈华语，送给努力前行的你,48613,情思天鹅
/playlist?id=12236353385,车载怀旧：周传雄 伍佰 郑源 凤凰传奇等,35万,一定会成为富婆的
/playlist?id=12764520500,宛如一颗璀璨的星辰，在岁月的长河中,13333,啊里噶多美洋洋
/playlist?id=8734505317,《天赐的声音》那些惊艳全场的歌曲,69万,LiriCam
/playlist?id=9383242560,陶喆方大同卢广仲丁世光,65万,说什么才不算晚
/playlist?id=8879854870,天花板治愈嗓：单依纯 | 毛不易 | 周深,155万,一定会成为富婆的
/playlist?id=6711878397,郭顶 陶喆 方大同 余佳运,290万,来首音乐_
/playlist?id=7347268550,我开始偷偷 想你 我开始偷偷 喜欢你,26万,隐约可见的星光_iiu
/playlist?id=6861231031,你那破账号 我翻了千万次,2205万,ZISHUMIXI
/playlist?id=12623173347,治愈良方 | 用音乐拥抱每个孤独患者,11万,麦女士努先森
/playlist?id=8778491175,h3R3–队长–郑润泽–葛东琪–高旭等,19096,是小可爱Yumy哟
/playlist?id=8876671526,华语老歌 | 8090后的经典 给你一张过去的CD,1012万,诗藏旧梦深
/playlist?id=7726160841,【缱绻时分】璀璨柔情溺于朦胧暮色,27214,骑车去芬兰玩
/playlist?id=123103665,华语流行乐坛的实验之声,282万,Sherlockdawn
/playlist?id=2727510486,独享音乐|耳机线是现代年轻人的输氧管,2279万,宁遇夏
/playlist?id=8702066814,失约的海 我来替你看了［伤感］,12万,kisskias
/playlist?id=24677256,国风精选：一曲戏腔，一念江湖,289万,YouTube热门日推
/playlist?id=8146959355,【民谣】藏着故事与远方，唱着人间烟火,734万,总有一束光等着你
/playlist?id=8831575249,车载DJ丨别在说陪我多久了 都是骗小孩的,295万,Flyin_wink
/playlist?id=2397575636,有机会的话我们再爱一次吧,61364,失望101次
/playlist?id=12225252868,『热播曲目』有些事，只适合回忆,18万,圆嘟嘟小甜饼
/playlist?id=8787911697,华语 | 90后青春回忆杀 一人一首成名曲,153万,诗藏旧梦深
/playlist?id=8810742689,90后回忆杀：致我们逝去的青春,65万,静静爱喝汤
/playlist?id=2851024203,【吉他翻唱】越长大越喜欢简单 | 精选,638万,梵高你没了
/playlist?id=8506594520,超甜华语｜浪漫甜味里的情话,23027,不准抢我蛋糕
/playlist?id=8934187899,海洋Bo‖合集歌单，更新中，山川是我,67万,KASABLANKA7
/playlist?id=7213920180,rapper们的高甜情话你听过吗？,305万,AndyYuee
/playlist?id=2428830844,那些听了想谈恋爱的甜甜歌曲,108万,辰粥粥_
/playlist?id=12601081781,天赐的声音第五季：金曲舞台全收录,5156,一定会成为富婆的
/playlist?id=7526970922,滚石唱片 | 年少不听李宗盛，听懂已是不惑年,294万,网易云音乐
/playlist?id=6957261848,重返1992 | 重温金城武，张楚以及更多1992经典热曲,33万,云音乐经典专区
/playlist?id=7849513247,相信音乐 | 丁当热门歌曲精选,55万,网易云音乐
/playlist?id=12631977416,一人一首成名曲 | 90后华语怀旧经典老歌,14484,随心所欲男孩
/playlist?id=12653278982,当代律动R&B｜像在海边兜风一样的心旷神怡,50612,超Q弹的金金金
/playlist?id=6957219650,重返1990 | 草蜢，Beyond等经典尽在1990热曲重温,45万,云音乐经典专区
/playlist?id=6936637407,摇滚经典碰撞 | 在怀旧中体验新鲜,28万,云音乐经典专区
/playlist?id=12478749164,经典老歌 | 回首光辉岁月，纪念永恒青春,36303,随心所欲男孩
/playlist?id=10100534602,华语R&B·跟喜欢的人一起听会有双倍快乐,18万,超Q弹的金金金
/playlist?id=12580777088,90后回忆杀！当歌一响，眼泪就止不住了,1069,不二叔爱听歌
/playlist?id=9377055975,华语顶级女歌手：单依纯 张碧晨 邓紫棋,36万,一定会成为富婆的
/playlist?id=12662843528,中文伤感DJ丨痛到心碎的虐心车载歌曲,56845,零碎的孤岛终会找到那片海
/playlist?id=12667172806,一听就沦陷经典老歌，瞬间带你回到青涩时光,1708,不二叔爱听歌
/playlist?id=8055396278,华语经典 | 那些属于我们青春的一首歌曲,733万,Tambition_Hong
/playlist?id=12622615939,听一首歌 | 治愈乱糟糟的坏心情,53918,一片孤叶行舟
/playlist?id=8859990644,华语神仙嗓音：张碧晨 单依纯 周深 张韶涵,125万,一定会成为富婆的
/playlist?id=8426511243,天赐的声音第五季第12期丨Live封神现场,95万,__Heisenberg丨
/playlist?id=5357254437,天赐的声音：顶级实力派歌手,55万,LiriCam
/playlist?id=2983726621,成长篇 | 认识到自己的平凡，并且接受,3311万,鱼骨与飞鸟集
/playlist?id=12745170566,华语速递｜ 歌慢慢听 人慢慢等,15320,爱听歌的狗大叔
/playlist?id=7747385300,深夜emo伤感 | 晚风中闪过几帧从前,1528万,四川贫困人口
/playlist?id=12584933689,思绪蔓延|慢品人间烟火等落日余晖,1351,云音乐学姐
/playlist?id=10163309149,痛到心碎的虐心歌曲和伤感歌曲,3153万,早起头发会炸毛
/playlist?id=12334867424,『伤感/DJ』这个世界 就是个巨大的DJ,30万,凌晨一点的莱茵猫
/playlist?id=8921657788,华语怀旧：林忆莲李宗盛梁静茹莫文蔚,32万,一定会成为富婆的
/playlist?id=8190711274,「0.8x/0.9x」还要多远才能进入你的心,181万,总有一束光等着你
/playlist?id=7723845859,治愈心情‖享受在云里打滚的感觉,57205,以上皆非-
/playlist?id=8945793382,经典老歌100首|90后回忆杀，一人一首成名曲,128万,随心所欲男孩
/playlist?id=8479244673,“偷偷给那个不能在一起的人留句话吧”,21万,小翅膀的羽毛
/playlist?id=10180661299,十个勤天演唱会！！！（更新中）,29230,Ds沐沐
/playlist?id=12425913732,音综封神 live：顶级编唱震撼人心！,25412,Alim-Official
/playlist?id=5461537154,是不是把所有委屈咽下，才显得懂事,3250万,情思天鹅
/playlist?id=6837416092,0.8x遗憾吗最后还是错过了,103万,雾岛救赎
/playlist?id=8436434272,5525 五月天｜回到那一天｜巡回演唱会 ,762万,相信音乐Bin-music
/playlist?id=12548113256,中文咚鼓丨不怕新歌有多嗨 就怕老歌带DJ,1619,月亮藏不住的小情绪
/playlist?id=9509867066,房东的猫，赵雷，李健，花粥，朴树，许巍,13万,一定会成为富婆的
/playlist?id=10111429203,在加纳共和国离婚 | 我无法看着你离开,43397,偷走了西雅图的天空
/playlist?id=8116152430,怀旧金曲 | 逝去时光音乐带你追,29万,还未去过哪倒悬山
/playlist?id=8518459080,小猫的秘密是好喜欢你,58660,Elaineylly
/playlist?id=12620838411,天赐的声音：百听不厌的神仙live,2644,一定会成为富婆的
/playlist?id=7527358006,"滚石唱片 | 关于""天王杀手""周华健的记忆",19万,网易云音乐
/playlist?id=5395389058,宝岛流行趋势 | 告五人新歌来袭,266万,云音乐官方歌单
/playlist?id=7849660787,相信音乐 | 刘若英热门歌曲精选,61万,网易云音乐
/playlist?id=12695522280,90后青春回忆杀｜聆听MP3里的经典之声,22989,随心所欲男孩
/playlist?id=12715073725,合伙人精选 | 寂寞的秋天是R&B的季节,8999,音乐合伙人
/playlist?id=6845896399,时光KTV | 把回忆唱给你听,208万,云音乐经典专区
/playlist?id=6845412669,重返2005 | 跟随林俊杰的一千年以后进入2005,72万,云音乐经典专区
/playlist?id=9179492573,华语顶级音综：一开嗓神仙沦陷！！！,151万,一定会成为富婆的
/playlist?id=12688182243,带上耳机|隔绝外界的一切声音,14万,云音乐学姐
/playlist?id=12682184758,节后小清新｜继续前进 一切美好如约而至~,166,白月不做梦
/playlist?id=9167007851,情歌合辑 | 在云朵里甜甜的恋爱,19万,宝藏小说唱
/playlist?id=12629522959,甜度超标100%！浪漫又好听的甜甜氛围曲~,737,凌晨一点的莱茵猫
/playlist?id=12479866114,希望我们可以永远是彼此的底气,55917,螚安Vivienne
/playlist?id=474564716,听华语中的爵士味道，别样慵懒,817万,墨_子陳
/playlist?id=9226177231,蒙面唱将猜猜猜历届金曲,24万,一定会成为富婆的
/playlist?id=5349200976,深夜emo伤感丨一个人一首歌不同的故事,2319万,四川贫困人口
/playlist?id=7509758991,户外小清新：山野千里，微风中都是欢喜,54024,小翅膀的羽毛
/playlist?id=7612886755,『旋律说唱』如风拂过般 好听到窒息,1906万,小廖是颗开心的荷包蛋
/playlist?id=8024493486,【快乐100%】没什么会永远糟糕透顶,506万,总有一束光等着你
/playlist?id=8590362055,岁月的感怀：回头看 轻舟已过万重山,298万,凌晨一点的莱茵猫
/playlist?id=2233406754,放一首悲伤的歌 换一首还是悲伤的,666万,兔子也吃窝边草
/playlist?id=3238497407,低旋律 | 无人问津的巷口总是开满鲜花,447万,麦当羊
/playlist?id=12619753004,张碧晨单依纯汪苏泷王赫野姚晓棠杨宗纬,191,一定会成为富婆的
/playlist?id=8859510166,华语女声：梁静茹孙燕姿杨丞琳王心凌张韶涵,77266,一定会成为富婆的
/playlist?id=12461592638,当年“血洗”青春的100首流行歌曲&非主流,2258,诗藏旧梦深
/playlist?id=8152544908,感动我们的100首经典作品,284万,带着花椒去上朝
/playlist?id=7289344027,天赐的声音：历届金曲精选,78万,LiriCam
/playlist?id=12542629954,咚鼓DJ｜随性摇摆享受耳膜盛宴,5643,施绮言
/playlist?id=9124265913,冠军陈楚生‖合集歌单 | 更新中， 云天明,38万,KASABLANKA7
/playlist?id=9285814901,天赐的声音第1-5 季 Live精选集,13万,LiriCam
/playlist?id=12652595986,合伙人强推 | 假期宅家听的华语情歌旋律,2611,音乐合伙人
/playlist?id=321013221,戏腔| 胡同巷，你水袖红妆青丝千丈,839万,Colredsh
/playlist?id=10171909287,「回忆杀」那些年80/90后追过的偶像剧,29万,一定会成为富婆的
/playlist?id=10081852268,爱意随风起 风止意难平,908万,小翅膀的羽毛
/playlist?id=12495331718,华语抒情：适合一个人安静聆听的旋律,1103,冉冉不偷懒
/playlist?id=8838422192,烟(许佳豪)‖合集歌单，更新中，其实都没有,12万,KASABLANKA7
/playlist?id=8468061391,聆听夜色 | 凌晨的音乐比情话好听,77665,早起头发会炸毛
/playlist?id=7569691036,【宝藏戏腔】伶人入画，一生天涯,116万,诗藏旧梦深
/playlist?id=8426186217,独立乐队: 我愿 听 她说些 不着边际 的话 ,27万,流萤与诗
/playlist?id=6845409713,重返2009 | 苏州河等2009经典热曲等你来听,36万,云音乐经典专区
/playlist?id=12682864755,华语R&B｜浪漫解药 要和爱的人在月光下散步,143,白月不做梦
/playlist?id=12669933388,时光机里的旋律，唤醒8090后的独家记忆,1926,不二叔爱听歌
/playlist?id=12463278209,华语R&B | 耳熟能详的华语经典RMB旋律控,11746,诗藏旧梦深
/playlist?id=12664051667,华语金曲时光机，80、90后的不老青春回忆,2266,不二叔爱听歌
/playlist?id=12362968763,草东没有派对 万能青年旅店 ……,26189,王俊凯微博1221
/playlist?id=9951852914,华语R&B||把地球倒置，我用撒哈拉沙漠计时,32万,流萤与诗
/playlist?id=2179431622,『国摇』一百支乐队一百种精神信仰,2726万,浮梦沉生
/playlist?id=9235269350,慢摇DJ心灵旅程|独处时刻的情绪解码,74342,张允一老可爱
/playlist?id=8833238437,华语顶级女嗓live：张碧晨 单依纯 郁可唯,93万,一定会成为富婆的
/playlist?id=8849352078,周深 毛不易 单依纯 张碧晨 郁可唯,138万,一定会成为富婆的
/playlist?id=7557119451,经典 | 忘记的歌名记住的高潮,595万,还未去过哪倒悬山
/playlist?id=7846118232,那些rapper写给遗憾的伤感说唱,14740,MC夜猫不爱睡
/playlist?id=8675679753,古风戏腔：一腔唱不尽此生悲凉,195万,不喝可乐加冰块敷衍
/playlist?id=12632294789,把握好青春，就是最好的阅历,4366,爱听歌的狗大叔
/playlist?id=12285045765,张碧晨&王赫野&姚晓棠&陈楚生&汪苏泷,29344,一定会成为富婆的
/playlist?id=7591056218,陈楚生 永远臣服于温柔,75万,岱欧
/playlist?id=9897143050,说唱版｜emo流行说唱大改编,46908,张以晨_
/playlist?id=9905539035,0713：陈楚生，张远，苏醒，王铮亮，陆虎,22万,一定会成为富婆的
/playlist?id=12715527869,合伙人优选 | 浮生千年，若只如初见,1901,音乐合伙人
/playlist?id=8879028214,90后回忆杀：盘点当年台湾偶像剧ost,92万,白月不做梦
/playlist?id=12593399488,追忆经典老歌8090 | 每一首歌都有一个故事,2132,随心所欲男孩
/playlist?id=12667803007,90后的青春记忆：华语老歌大盘点，首首经典,532,不二叔爱听歌
/playlist?id=5154774644,爱意随风起 风止意难平,225万,零距离相恋
/playlist?id=8153773090,戏腔绝唱 | 赐我一场相爱，却又匆匆离开,374万,诗藏旧梦深
/playlist?id=7231343817,『小众甜歌』拥抱的最好定义，是交换温柔呀,164万,Korallkk7
/playlist?id=8208394221,不要因为别人都在交卷自己就乱写答案,10万,防的一片天
/playlist?id=12468695948,上班不枯燥｜快乐的歌助你退散班味,85451,施绮言
/playlist?id=12735939770,〔岁月•留声〕80年代经典粤语,103,一人众天WQ莣情
/playlist?id=7734323154,【民谣】听懂是经历，听不懂是幸运,126万,总有一束光等着你
/playlist?id=7497236130,华语 | 青春是一场相遇与错过,947万,有些爱只能掩于岁月
/playlist?id=6803136788,一路生花！愿我们都能笑着放下,32万,悠是攸心呀
/playlist?id=9767990702,男人歌 | 敬往事一杯酒，愿无岁月可回头,64万,宝藏小混风
/playlist?id=12620145403,旅行歌集 | 世界那么大 要记得去看看哦,11万,一片孤叶行舟
/playlist?id=12531064622,中式情歌｜邂逅岁月深处的浪漫与温柔,17万,我为电狂
/playlist?id=12269472913,经典老歌 | 90后回忆杀 神仙打架的华语乐坛,651万,诗藏旧梦深
/playlist?id=9665983926,汪苏泷&单依纯&陈楚生&周深&毛不易,37万,一定会成为富婆的
/playlist?id=12643757210,那些年我们珍藏的MP3里的流行金曲！,2493,不二叔爱听歌
/playlist?id=12331096654,我们的歌第六季|流光金曲谱写音乐新篇,33万,网易云音乐
/playlist?id=9144090622,最强音综：神级现场，惊艳全场,75万,AlimOfficial
/playlist?id=12690510231,远离喧嚣 | 阳光总会温柔地拥抱你,22万,月牙超级甜y_y
/playlist?id=8119018816,记忆闪帧接下来是没有你的冬,2034万,四川贫困人口
/playlist?id=8785368530,院人List｜黄子弘凡蒲熠星文韬石凯唐九洲,5290,不羁芳
/playlist?id=2172379297,旅行止躁剂 | 舒缓安静·去有风的地方,77万,织秋裤
/playlist?id=8435821085,汪苏泷「十万伏特」巡演-杭州站,15万,sstuckinadream
/playlist?id=8264443548,十月馈赠：记得把生活调成喜欢的频道,95317,哥哥要喝排骨汤吗
/playlist?id=12786918752,伤恋DJ热情歌：入戏深的人最卑微,939,艾君子-
/playlist?id=6842404402,百首DJ名曲 | 来场有质感的迪吧,1539万,人间浪漫收藏家
/playlist?id=5074464456,我怀念的不是你 而是从前的我们,1131万,aka_凌空
/playlist?id=7842678061,R&B 陶喆｜方大同｜丁世光｜卢广仲,59966,wow福西西
/playlist?id=12393821644,披荆斩棘4 | 逐风踏浪，燃情开唱,62万,网易云音乐
/playlist?id=2846054862,用音乐保持你每天的嘴角上扬,4597万,宁遇夏
/playlist?id=6944159899,失恋emo歌单「失恋」「心碎」「失眠」,1703万,生活的温柔总会哒哒哒地跑
/playlist?id=7665288004,EMO神曲天花板歌曲 谁听完也别想忘记前任,456万,__Heisenberg丨
/playlist?id=8268139015,深夜emo天花板伤感歌曲合集「听着入睡」,212万,nineoneo
/playlist?id=6874515622,emo天花板歌曲系列「伤感」「睡觉听」,1821万,ZISHUMIXI
/playlist?id=12710137632,温柔夜色疗伤曲｜繁星下的独行者,127,桥本环奈_Fairy
/playlist?id=12626740360,回顾童年：好听的动画片主题曲,23665,一定会成为富婆的
/playlist?id=2511560749,温柔暴击 | 沉溺于男友音的甜蜜乡,4639万,名侦探-柯北
/playlist?id=12479896072,心情不好也没关系来听首DJ吧,39万,萌萌比卡丘呐
/playlist?id=9230775044,听潮阁：一百首发行单曲,11456,艾歌AG
/playlist?id=2686811103,摇滚‖成为永远疯狂永远浪漫永远清澈的存在,40万,-離契-
/playlist?id=9252002434,《中国好声音》历届神仙嗓音live,26万,一定会成为富婆的
/playlist?id=5027070307,翻唱｜爱是不是不开口才珍贵,1728万,仙女爱吃香菜_
/playlist?id=12608081753,摇滚青年：还是要年轻 还是要热泪盈眶！,24929,柒琪不可爱
/playlist?id=9846115204,【落魄谷中寒风吹 春秋蝉鸣少年归】,155万,周生如故zzz
/playlist?id=9310458102,天花板嗓音：单依纯 张碧晨 郁可唯 刘惜君,53万,一定会成为富婆的
/playlist?id=9490737167,华语女声：张碧晨 单依纯 张靓颖 邓紫棋,45万,一定会成为富婆的
/playlist?id=12676914147,DJ车载丨那年我双手插兜 不知什么叫做对手,8906,零碎的孤岛终会找到那片海
/playlist?id=12663177069,华语经典老歌，8090的怀旧回忆青春永不散场,1111,不二叔爱听歌
/playlist?id=12736860181,吉他弹唱丨灵动小调丨kkulv,21989,aBLitip_Records
/playlist?id=7355758254,顶级献唱丨最不可错过的音乐现场,36万,张大佛爷张大佛爷
/playlist?id=12580661227,非经典流行不得入此歌单，循环播放千百次,15万,走马川行北海边
/playlist?id=8838960100,音综封神live：顶级编唱震撼人心！,184万,一定会成为富婆的
/playlist?id=7529828708,emo伤感天花板歌曲「听完就释怀」「失恋」,349万,细听雨的呢喃
/playlist?id=8157483480,那些不经意哼出却想不起歌名的歌,118万,不是阿倩
/playlist?id=9155681684,回忆杀：80/90后追过的台湾偶像剧主题曲精,135万,一定会成为富婆的
/playlist?id=12399750245,披荆斩棘的哥哥第四季歌曲,53万,kaiakaiy
/playlist?id=5313897640,天赐的声音5：金曲舞台惊艳全场 ,52万,LiriCam
/playlist?id=8760016412,华语顶级治愈：神仙听了都沦陷,308万,一定会成为富婆的
/playlist?id=12326681561,林俊杰JJ20演唱会厦门站报批歌单,41448,苏远智
/playlist?id=8778714714,经典老歌300首| 里的青春记忆,304万,随心所欲男孩
/playlist?id=9141068399,一人一首成名曲 | 90后华语经典怀旧老歌,283万,诗藏旧梦深
/playlist?id=9710946894,90后经典老歌 | MP3里的一人一首成名曲,72万,随心所欲男孩
/playlist?id=2529048741,烟嗓民谣|余生很长，我还爱你,371万,囿于清欢和你
/playlist?id=7723903877,治愈丨手牵阳光，心存希望,50795,以上皆非-
/playlist?id=8478933525,BE文学丨我们曾相爱 想到就心酸,17万,小翅膀的羽毛
/playlist?id=882977967,旧歌都杀回来了 那旧人还会再重逢吗.,295万,帕恰小忧
/playlist?id=8569455940,【回忆杀】那些记忆中的经典电视剧主题曲,67万,冬眠困困-
/playlist?id=12454429546,华语治愈｜愿日子都清彻 抬头所遇皆温柔,18万,白月不做梦
/playlist?id=12618023526,通勤必备丨疲惫与晚霞重归于好,1708,困困小椰椰
/playlist?id=8864139113,90后回忆杀 | 曾经火遍大街的网络歌曲,31万,随心所欲男孩
/playlist?id=6593961746,节奏起飞丨坐上我的跑车感受推背,777万,原创君
/playlist?id=7588122531,颜人中2024Moment³巡回演唱会,22556,KEY的绿色翡翠
/playlist?id=8495570958,希望你不后悔认识我 也真的开心过,15万,小翅膀的羽毛
/playlist?id=12470252,【河圖】此生愛恨皆飲入喉,12880,正版天子笑
/playlist?id=9115977889,陈楚生，苏醒，陆虎，王栎鑫，王铮亮,17万,一定会成为富婆的
/playlist?id=12718517117,黛玉训狗记：手帕快藏起来 手慢无,7298,白鱼暮归
/playlist?id=12665644879,8090后经典老歌|那些时间抹不去的回忆,2228,不二叔爱听歌
/playlist?id=9639063649,音综封神舞台：全场观众都沦陷,133万,一定会成为富婆的
/playlist?id=12582239853,车载烟嗓：周传雄 李宗盛 许巍 伍佰 张信哲,12万,一定会成为富婆的
/playlist?id=12642035762,合伙人热荐 | 具体的幸福是要爱自己,3018,音乐合伙人
/playlist?id=12319697451,天赐的声音5：华语live天花板,38420,一定会成为富婆的
/playlist?id=8437419066,R＆B｜依加 陶喆 方大同 余佳运 郭顶,121万,浮生不如凤
/playlist?id=12675882325,精选8090年代怀旧金曲，重温岁月的声音,2174,不二叔爱听歌
/playlist?id=7633027040,【猫的树BGM】小甜剧人的救星,141万,吵可爱的苗苗呀
/playlist?id=8841461487,顶级音综：一开嗓神仙都沦陷！,472万,一定会成为富婆的
/playlist?id=5108359792,甜妹专属「甜方高甜」甜甜甜,1212万,现在梦醒啦
/playlist?id=8426552561,伤感旋律|在每个夜里我都梦见你,24万,萌萌比卡丘呐
/playlist?id=5349307028,失恋emo歌单 | 把你藏在心头 每天每夜想你,3324万,四川贫困人口
/playlist?id=9285766885,90后回忆杀：台湾偶像剧主题曲,18万,LiriCam
/playlist?id=10130331911,全网热播丨每首都值得收藏起来,314万,圆嘟嘟小甜饼
/playlist?id=7510149093,去远方：有趣的人生，有一半是山川湖海,10万,小翅膀的羽毛
/playlist?id=7337637766,华语 | 90后回忆杀 好听却不知道歌名,543万,月亮藏不住的小情绪
/playlist?id=7451023014,80、90后回忆杀：各路教主再爆红网络,55万,侠侣亲子-许天准
/playlist?id=12672140010,就连秋日晚风的轮廓都像是你,166,chelife
/playlist?id=73071900,一场诗词的邂逅，遇见最美的歌声。,517万,这周五的晚上
/playlist?id=7446086972,我想要的公平 都是不公们虚构的,48339,Nanaharu
/playlist?id=2519149021,初听不识曲中意，再听已是曲中人,596万,云上一天山
/playlist?id=8851965301,你转身向北 侧脸还是很美0.8x,214万,冰诀-
/playlist?id=12651327097,华语｜青春剧终 又是一场新的开始,3169,白月不做梦
/playlist?id=12522108490,人间有风有阳光 | 白鸽乌鸦相爱的戏码,6281,白鱼暮归
/playlist?id=12587589871,「经典·金曲」经久不衰的动人歌声,1552,一人众天WQ莣情
/playlist?id=10054630028,歌手 | 下一站歌手 | 现场纯享版,12万,Hi-ResAudio
/playlist?id=126596666,为什么没有中文健身运动歌单？,214万,阳光安可
/playlist?id=12528341116,烦恼勿躁//听好歌给心情换个装,54300,哥哥要喝排骨汤吗
/playlist?id=8758944546,车载DJ丨时间扑面而来 我们终将释怀,136万,猫咖喜欢经典出神舞曲
/playlist?id=8468208804,一起出去玩丨拾掇你的旅行好心情,22万,早起头发会炸毛
/playlist?id=8934971787,0713男团：一人一首成名曲！！！,58万,一定会成为富婆的
/playlist?id=12635876241,华语治愈：歌声无形 常伴于心,1666,困困小椰椰
/playlist?id=12695997403,8090后经典老歌丨留不住的青春岁月,24635,随心所欲男孩
/playlist?id=12262196683,单依纯 汪苏泷 薛之谦 毛不易 周深 张杰,11万,一定会成为富婆的
/playlist?id=10152382626,十个勤天专场演唱会戒断版,47979,雨不小雨
/playlist?id=12712558353,温柔心绪 | 夜色低垂时最懂你的时候,12972,不是阿倩
/playlist?id=12623477488,华语｜请拥抱我的灵魂 在我的躯壳之上,40885,凌晨一点的莱茵猫
/playlist?id=8899456168,顶级女嗓：单依纯刘惜君张碧晨郁可唯等,143万,一定会成为富婆的
/playlist?id=12659067361,情歌循环｜萦绕耳畔的浪漫絮语,11万,困困小椰椰
/playlist?id=2311898947,宝藏R&B：那些挑动心弦的惊艳佳作,793万,夜半三更晚安
/playlist?id=9116488960,仅有一次的人生，请置顶自己的感受,169万,Evelauren
/playlist?id=8199058336,音综：天赐的声音5全收录（持更）,122万,LiriCam
/playlist?id=5332337986,单依纯，张碧晨，汪苏泷，陈楚生，周深,18万,LiriCam
/playlist?id=12258984445,神级舞台：张碧晨 单依纯 杨宗纬 汪苏泷,30431,一定会成为富婆的
/playlist?id=8468792057,“一 起 逃 跑 吧” 小众华语浪漫集,60万,CtrlUshift
/playlist?id=9305502310,综艺名场面live：一人一首成名曲,97万,一定会成为富婆的
/playlist?id=12504785180,诗意国风：覆了天下不过一场繁华,8549,张大佛爷张大佛爷
/playlist?id=8732354486,一人一首成名曲 | 90后经典华语怀旧老歌,619万,诗藏旧梦深
/playlist?id=8883978783,马思唯黑馬季節巡回演唱会,57万,啵啵moi
/playlist?id=8508368857,古风 | 寻寻觅觅寻寻，相逢已是上上签,11万,独饮二两喵酒
/playlist?id=8474360437,那些超级好听的中文说唱,93986,执念w1231
/playlist?id=12220634217,凤凰传奇，伍佰，周传雄，张信哲，郑源,50461,一定会成为富婆的
/playlist?id=8732836545,90后回忆杀|青春逝去，经典不散场,112万,日记里情无解
/playlist?id=9864224244,DJ混音盛宴|国风与慢摇的交响诗,26404,张允一老可爱
/playlist?id=12360524496,华语⎮国人不发洋癫，狂野自由疯感十足,56505,独遇J
/playlist?id=3024396497,梁博 | 你会成为你想的那个人,23万,无哇辣儿
/playlist?id=12589268977,天赐的声音：汪苏泷 张碧晨 于文文 杨宗纬,22934,AlimOfficial
/playlist?id=5321600797,这一年你拥抱了什么 又失去了什么,722万,甜氧i
/playlist?id=2861944761,你不必等了，他不会回来了,176万,夏輕微-
/playlist?id=6828493488,0.7x/0.8x取消了置顶 发现你置底,56万,屠龙少年阿宾
/playlist?id=8584571228,披荆斩棘的哥哥4第四季 第10期 燃情开唱,21万,__Heisenberg丨
/playlist?id=9368161042,华语 | 90后那些年MP3里的经典老歌,51万,随心所欲男孩
/playlist?id=8442637608,【LBI利比】清甜的声音，轻快的调子,43758,mushroom彻遇
/playlist?id=12706925419,耳机是我的避难所 音乐是我的速效药,9490,宁遇夏
/playlist?id=10105076943,天赐的声音5+歌手2024：神仙嗓音惊艳全场,10万,一定会成为富婆的
/playlist?id=12639091339,合伙人强推 | 宿命感拉满的国风歌曲,6105,音乐合伙人
/playlist?id=10089081606,歌手2024+天赐的声音+中国好声音,91898,一定会成为富婆的
/playlist?id=12755719787,共赴音乐｜JJ20巡回演唱会厦门站,6983,苏笔墨1123
/playlist?id=9671964220,经典老歌 | 90后带上耳机MP3里的回忆,156万,随心所欲男孩
/playlist?id=8775729080,国语R&B情歌精选：浪漫旋律之旅,60万,咕咕咕检测骨密度
/playlist?id=9455871473,华语怀旧：重拾90后往昔岁月,42万,一定会成为富婆的
/playlist?id=7724264654,国风戏腔 | 人心多变，幻中吞幻,715万,织秋裤
/playlist?id=8837638763,90后经典老歌：神仙打架的年代,70万,一定会成为富婆的
/playlist?id=7723881708,治愈系：含一块糖，生活就不会太苦,76752,以上皆非-
/playlist?id=8805693118,治愈感拉满：毛不易周深单依纯郁可唯,124万,一定会成为富婆的
/playlist?id=12683581958,蹦迪劲爆DJ丨低沉鼓点音乐 极致低音享受,2619,月亮藏不住的小情绪
/playlist?id=7508403005,我们逃走吧，日暮，银河，别在梦里。,69884,肉肉的作业君
/playlist?id=5267494165,伤感emo说唱 | 眼泪它不会说谎,3114万,一片孤叶行舟
/playlist?id=5481218726,0.7x/0.8x可是你硬要错过我 我能怎么办,684万,屠龙少年阿宾
/playlist?id=12593292211,高旭 | 一起聆听「冻结的诺言」,8608,CtrlUshift
/playlist?id=12413092697,不怕新歌无人听丨就怕老歌带DJ,101万,音乐想象家
/playlist?id=9249196639,华语经典 | 致敬我们曾经的岁月 精选老歌,278万,诗藏旧梦深
/playlist?id=12768679326,华语感伤｜往事皆苦别困在自己,96,施绮言
/playlist?id=8225538044,莫问归期DJ丨先娶女王后取经,166万,云音乐学姐
/playlist?id=8631255948,草东/万青/康士坦/犬儒/回春丹/梅卡/蛙池…,120万,小羽永驻紫罗兰
/playlist?id=5456835430,“干嘛听苦情歌 以为多浪漫”,337万,张以晨_
/playlist?id=12648754314,合伙人精选 | 长途解乏的华语摇滚歌单,1548,音乐合伙人
/playlist?id=12785337511,烟嗓沧桑歌曲 | 男人的痛，有谁能懂！,859,诗藏旧梦深
/playlist?id=7692939216,SASI 痛苦说唱之我是龙鸣 LilAsian BOBBY,10万,W3700
/playlist?id=9207018694,徐良，许嵩，颜小健，单色凌，本兮，汪苏泷,82234,一定会成为富婆的
/playlist?id=8110959891,中文R&B [你的一句春不晚 我就到了真江南],74万,梅州心碎男孩
/playlist?id=7117688477,梁博 | 不用认真的说，多舍不得你,50436,漫野生
/playlist?id=9118702447,刘大拿‖合集歌单，更新中， 青花,66194,KASABLANKA7
/playlist?id=6652997568,【中文Rap】当酷酷的Rapper开始走心,223万,GangGree
/playlist?id=8468222309,每天都很晚睡的你，在想些什么？,10万,早起头发会炸毛
/playlist?id=8965072147,朴树、许巍、李健、郑钧、老狼、陈粒、赵雷,75万,乐爷r
/playlist?id=7245461404,前奏一响 回忆登场 宿命感拉满的bgm,863万,空海间
/playlist?id=3039496128,100种民谣女声 带你去感受星辰万物,1260万,宁遇夏
/playlist?id=3192880818,轻简律动丨华语R&B燃烧的节奏魂,275万,陈北及
/playlist?id=8804421095,0.8x 我本无盾 你却化作锋利的矛,131万,芸豆的天空
/playlist?id=8218016163,经典老歌 | 首首经典，久听不厌,118万,总有一束光等着你
/playlist?id=2853229030,愿我们都能成为可爱又有趣的大人,687万,迟到情书
/playlist?id=12607724073,R&B随心听｜浪漫清新味 通勤不疲惫！,1775,白月不做梦
/playlist?id=12588251660,咚鼓歌曲丨踩点 开车 音乐一响 硬控进场,2800,月亮藏不住的小情绪
/playlist?id=12697001800,经典怀旧老歌合辑｜品味90年代味道,25051,随心所欲男孩
/playlist?id=9470426097,任素汐 张碧晨 毛不易 单依纯 薛之谦,73万,一定会成为富婆的
/playlist?id=10064625970,许嵩演唱会歌单正序完整版2024海口贵阳福州,35万,32号的星期八-见过许嵩版-
/playlist?id=12504812439,KTV专属丨这里一定有你会唱的歌,30364,随心所欲男孩
/playlist?id=8294817780,【中文/流行/R&B】微醺是我见你的门票,836万,猴里贵想吃麦当劳
/playlist?id=9402423886,陈楚生 张碧晨 任素汐 周深 单依纯,37万,一定会成为富婆的
/playlist?id=831845871,初识不知曲中意，再听已是曲中人,6616万,薛定谔的缝纫机
/playlist?id=96148442,他们只出过一张唱片，但足够精彩,967万,胖子最多情
/playlist?id=7363020540,『东方BE美学』清风曳烛火，孤影难成双,27万,W-沙丁鱼罐头
/playlist?id=2252564543,三字词牌集●红笺小字 说尽平生意,206万,云追山
/playlist?id=7289141880,天赐的声音最值得听的top50精选,84万,LiriCam
/playlist?id=8426416390,爱意随风起|超浪漫的恋爱歌曲,32万,萌萌比卡丘呐
/playlist?id=8373051200,欢快小调，唤醒幸福感和超赞好心情,454万,总有一束光等着你
/playlist?id=6760569164,华语独立精选 | 坚执理想主义的火炬,88万,塔希提岛的月亮
/playlist?id=5117784458,结局无所谓 你永远是我的18岁,78万,总要弥补遗憾吧
/playlist?id=9781487598,许嵩「呼吸之野」巡演歌单 | 遨游音乐旷野,93541,太合音乐集团
/playlist?id=9329392365,经典老歌300首 | 重温80，90后的青春时光,70万,随心所欲男孩
/playlist?id=8495521067,尝尽了人间的苦疾 还要拼命留下温柔,19万,小翅膀的羽毛
/playlist?id=5047368596,失恋emo歌单 | 「孤独」「伤感」「失落」,3236万,ZISHUMIXI
/playlist?id=12721284096,这首歌的杀伤力，大概和初恋一样,4358,艾君子-
/playlist?id=12636587100,青春纪念丨让我们在岁月里 留下美好的回忆,448,月亮藏不住的小情绪
/playlist?id=9161434504,徐佳莹《变得有些奢侈的事》歌单汇总,26万,源地不动
/playlist?id=9525807177,华语R&B丨你的名字是我心脏的沸点,19万,硬地原创音乐榜
/playlist?id=8290940416,地铁情歌 | 通勤路上的情绪舒缓站,73万,TiAmoKilig
/playlist?id=5326598244,【VIP专享】优质中文歌单｜华流最吊,105万,月光散成千只绵羊
/playlist?id=8478892749,『有人释怀 有人在风中爱了又爱』Lose,25万,小翅膀的羽毛
/playlist?id=7220093295,深夜emo歌单 | 我真的爱你 句句不轻易,1113万,变傻喷雾77
/playlist?id=9242358171,0713宝藏男团：陈楚生 陆虎 苏醒 张远,34951,一定会成为富婆的
/playlist?id=9236903064,经典老歌 | 8090后回忆杀 太多曾经不堪回首,58万,诗藏旧梦深
/playlist?id=8468191088,夜深听的歌 | 轻柔的声线唱出时光荏苒,12万,早起头发会炸毛
/playlist?id=12545592693,华语R&B丨超优质高级 陷入温柔韵律,792,超Q弹的金金金
/playlist?id=7397817902,旋律说唱｜好听不腻的hook ,769万,张以晨_
/playlist?id=12413069959,华语伤感: 失望攒够了 就该离开了,25316,好好对苹果
/playlist?id=767888114,一秒钟的相遇就能确定喵,98329,柔rou喵爪
/playlist?id=8131584938,时光音乐会+声生不息+天赐的声音持续更新,23万,树下有故事
/playlist?id=7113348430,0.8x听完这些歌就释怀了吧,885万,夜长未必
/playlist?id=484882742,华语优质女声 藏在卡带里的旧时光,982万,YouTube全球音乐
/playlist?id=12682164571,KTV热歌：八九零后麦霸点唱指南,24万,不二叔爱听歌
/playlist?id=10184764630,天赐的声音：一开嗓就封神的顶级live,225万,一定会成为富婆的
/playlist?id=12585459038,壁上观DJ|经风霜雨雪至修行巅峰,16万,云音乐学姐
/playlist?id=12749026931,华语治愈｜现实如山 而我浪漫如云,30767,螚安Vivienne
/playlist?id=9337352507,浴室歌王 | 能忍住不唱算我输,163万,一定会成为富婆的
/playlist?id=9220725164,车载顶级治愈：李健周深毛不易单依纯郁可唯,33万,一定会成为富婆的
/playlist?id=9116503856,5525 五月天「回到那一天」上海站,117万,一个大大的胡萝卜
/playlist?id=2143660964,国人雷鬼 Ι 探索不拘一格的玩性洒脱,186万,仲冬二二
/playlist?id=910247465,“相信有纯白会越过山海”,83427,-九号君-
/playlist?id=7505571959,我不懂你说的爱是什么,14万,李莲恩
/playlist?id=7316450863,“玫瑰到了花期，我很想你”,57万,小怡温柔皆失
/playlist?id=8876712277,华语 | 90后青春回忆杀 用歌声演绎时光荏苒,493万,诗藏旧梦深
/playlist?id=12640225025,肖战♥2024湾区升明月大湾区电影音乐晚会♡,20482,肖小颖战
/playlist?id=12715644923,雅乐国风|一曲惊梦醉长安，半阙长歌忆往昔,624,Alimjan_Abdurezak阿力木江
/playlist?id=5332403144,时光音乐会最值得听的50首歌,35万,LiriCam
/playlist?id=5462343242,一人一首 | 90后的校园青春回忆,314万,有些爱只能掩于岁月
/playlist?id=12651106009,甜度超标｜真爱降临赋予心动浪漫氛围,431,施绮言
/playlist?id=7386376191,快乐再出发3 | 0713再就业男团老友记歌单,706万,江叶南萧
/playlist?id=8685784912,曾经惊艳了8090后青春岁月的经典老歌,843万,诗藏旧梦深
/playlist?id=6726716423,或许遗憾才是人生常态,390万,说几句晚安-
/playlist?id=12551955485,旅途音乐｜最好的时光在路上,11万,小廖是颗开心的荷包蛋
/playlist?id=8936376349,世界除了R&B还有Rnb・慵懒邂逅,110万,超Q弹的金金金
/playlist?id=12714039135,合伙人热荐 | 堕入浪漫秋日的华语说唱情歌,939,音乐合伙人
/playlist?id=9123537711,哲理民谣：李宗盛 朴树 许巍,60万,一定会成为富婆的
/playlist?id=8857794436,童年女神：王心凌 SHE 张韶涵 蔡依林萧亚轩,12万,一定会成为富婆的
/playlist?id=12524884105,听安和桥 敬我们的初识,6647,凌晨一点的莱茵猫
/playlist?id=8880158267,女嗓绝对炸裂！必点KTV女神曲,53221,萌萌比卡丘呐
/playlist?id=12739372967,8090后必听经典老歌，触动心底最柔软的地方,338,不二叔爱听歌
/playlist?id=12536172120,车载DJ丨开车靠的是感觉 不是你的眼睛,2682,关于遗憾的故事
/playlist?id=7687358747,流行因子|总有一首撩动你的心,22万,微雨染尘埃
/playlist?id=2850086850,十年前的歌还在，陪你一起听歌的人呢,7999万,mayuko然
/playlist?id=12519863817,天花板治愈：周深 毛不易 单依纯 郁可唯,3606,一定会成为富婆的
/playlist?id=9618154896,爱情转移 富士山下 无名的人 如果可以,62万,一定会成为富婆的
/playlist?id=2689504317,适合睡觉听的空灵意境古风女声歌曲,65934,亦寒-L
/playlist?id=7119743751,拿去 我就一颗心省着点伤,73074,TAYLES
/playlist?id=961246075,终于听懂每首情歌，却再也没有可以联系的人,4923万,GNC顾念晨
/playlist?id=8468073300,「独立流行」浪漫宇宙 人间日常,90729,美伢酱子
/playlist?id=8468560370,甜蜜旋律 | 沉浸在爱的海洋中,85597,小翅膀的羽毛
/playlist?id=12758212474,真正杀死我的是那些突然想到的零碎回忆.,14万,落日余下_
/playlist?id=8672228634,『宿命感』仿佛看见了小说的尽头,146万,失忆宇宙
/playlist?id=8111713467,肆意摇滚 是自由的氧气,40万,流萤与诗
/playlist?id=8108276803,旧歌都杀回来了 那旧人还能再重逢么.,669万,小依捏捏
/playlist?id=7394449508,小众|台湾乐队的浪漫与失落,80755,分身耶
/playlist?id=8759822099,许嵩 | 徐良 | 汪苏泷 | 本兮 | 阿悄 小贱,36万,一定会成为富婆的
/playlist?id=12754580980,心情治愈站｜最后的期待 叫未来可期,14140,长裙小矮子_l
/playlist?id=5179550307,烟不停的抽 夜不停的熬’,318万,是风在心动
/playlist?id=9715446673,邓紫棋 I AM GLORIA 世巡演唱会歌单,25万,习謴
/playlist?id=2841383480,华语R&B｜当代年轻人的耳机旋律,747万,时光如水你好
/playlist?id=12623533941,华语R&B｜浪漫与微醺共存 纵享丝滑旋律,130,凌晨一点的莱茵猫
/playlist?id=8787678135,华语经典 | 90后回忆杀 藏在老歌里的故事,168万,诗藏旧梦深
/playlist?id=9457068137,无名的人 紫荆花盛开 指纹 如果爱忘了,35万,一定会成为富婆的
/playlist?id=12641972427,80后经典：刀郎 周传雄 张信哲 李宗盛,15万,一定会成为富婆的
/playlist?id=7723801759,治愈瞬间：在蓝色的海洋里面,65944,以上皆非-
/playlist?id=8478802883,车载必备｜高速必备DJ舞曲,1003万,露露在发呆
/playlist?id=7737528631,【Hip-Hop街区】武装押韵，爆炸预警,271万,RapFollow
/playlist?id=8808463140,华语 | 00后回忆杀 经典电视剧主题曲,57万,月亮藏不住的小情绪
/playlist?id=9114472492,80，90后经典老歌，满满的青春回忆,69万,随心所欲男孩
/playlist?id=8424796296,旧歌都杀回来了 旧人也会重逢吗.,212万,终究与你错过2006
/playlist?id=9169502938,微醺沙滩| 最怕rapper唱情歌,82万,宝藏小说唱
/playlist?id=8822862266,车载DJ|听DJ硬曲过快乐人生,186万,尊嘟很爱睡觉
/playlist?id=9318305273,邹沛沛‖合集歌单，更新中，沉溺,10万,KASABLANKA7
/playlist?id=8467762994,孤独是关上灯，与发光的灵魂为伴,12万,早起头发会炸毛
/playlist?id=2765579776,「民谣」边走边唱如诗如歌如理想,2224万,情思天鹅
/playlist?id=12642801188,流行说唱｜于是我拿起笔，描绘该如何爱你,79546,原创君
/playlist?id=7571719104,深夜emo歌单「失恋」「心碎」「失眠」,1741万,迷路____________
/playlist?id=12568882442,华语｜一人一首 耳熟能详的经典成名曲,1498,一口松松酱
/playlist?id=8468218349,夜間飛行丨氛围与情绪，星空与晚风,86339,早起头发会炸毛
/playlist?id=8468116235,抒情旋律 | 学着做个温柔的人。,11万,小翅膀的羽毛
/playlist?id=8480550445,一起去浪 | 加入动感舞厅,75717,早起头发会炸毛
/playlist?id=8468779518,华语 | 别害怕，宇宙都很温柔,12万,小翅膀的羽毛
/playlist?id=8466229519,「心动暴击」看朝朝星野跌入浪漫瞬间,16万,早起头发会炸毛
/playlist?id=8837413655,治愈度1000%：单依纯 郁可唯 毛不易 周深,135万,一定会成为富婆的
/playlist?id=8380105349,黄子弘凡身体健康天天开心,20万,啊我小狗呢
/playlist?id=8835687429,张杰未LIVE开往1982世界巡回演唱会深圳站,57万,李个大香菇
/playlist?id=3094668932,【台湾宝藏乐队】总有触及内心的一首,144万,蓝若-4510100
/playlist?id=8739521441,90后回忆杀 | 青春岁月的经典老歌,118万,白鱼暮归
/playlist?id=7487787817,精选|音乐总是让人回味无穷,1498万,美伢酱子
/playlist?id=8873795023,毛不易 | 薛之谦 | 单依纯 | 张碧晨,65万,一定会成为富婆的
/playlist?id=7700584673,伤感说唱rap | 别抽烟了对肺不好,2167万,ZISHUMIXI
/playlist?id=7113322469,伤感emo歌单 | 脸红相遇 眼红散场,2011万,夜长未必
/playlist?id=12694563577,【RAP】跟着我的flow 一起摇摆 摇摆 ,708,龙小夫L
/playlist?id=8812278687,流行歌曲 | 聆听来自90后记忆中的声音,153万,月亮藏不住的小情绪
/playlist?id=12639873388,华语老歌，每一首都是经典中的经典！,1779,不二叔爱听歌
/playlist?id=7395028190,超嗨中文DJ：动感节拍，纵情摇摆,295万,好歌种草机
/playlist?id=7111751631,超神押韵 | 跟着丝滑的flow晃就完事了,107万,Acme真厉害
/playlist?id=9756121142,一听上瘾丨适合循环播放DJ咚鼓歌曲,133万,月亮藏不住的小情绪
/playlist?id=5348346293,爱意随风起却不随风散,1313万,小敏心有愿
/playlist?id=8370883765,回不去的 何止是时间.,235万,终是散了H
/playlist?id=7566059773,失恋emo伤感 | 不能想象没有了你的未来,2644万,麦女士努先森
/playlist?id=12267873602,一人一首成名曲 | 90后华语怀旧经典老歌,280万,南风梦忧忧
/playlist?id=8873154760,『DJ』驾驭不了的东西 从一开始就应远离,145万,lisa盈盈
/playlist?id=2551930505,陪伴本就是这世上最了不起的安慰方式,17万,林胜熙
/playlist?id=12623280573,通勤随心听：闪闪发光的同时 也要平平安安~,12737,一口松松酱
/playlist?id=2307122874,喜欢你，就喜欢你的一切,265万,橘子觉主
/playlist?id=7251440735,遇见你，是我这辈子最骄傲的事情,155万,双鱼不双鱼
/playlist?id=577991289,『华语』百首精选，听歌如见你,6106万,七羚子
/playlist?id=12492326484,〔山歌响起的地方〕刀郎线上演唱会,20万,一人众天WQ莣情
/playlist?id=7525116458,快乐节奏 | 令人愉悦的小清新歌曲,558万,音乐合伙人
/playlist?id=8307271685,「 emo天花板 」一个人听完心碎了,112万,总有一束光等着你
/playlist?id=8779962441,华语怀旧 | 一人一首成名曲 总有首歌是青春,85万,诗藏旧梦深
/playlist?id=8468204927,深夜歌单丨小乖，现在不是难过的时候,75317,早起头发会炸毛
/playlist?id=12775638073,90后回忆杀一首歌一个青春故事唤醒尘封记忆,98,不二叔爱听歌
/playlist?id=8926263827,华语顶级live：狙击耳朵的神级现场,53万,一定会成为富婆的
/playlist?id=8664842673,独立摇滚 | 草东、万青、蛙池,110万,jooosee
/playlist?id=7279089033,国摇乐队 |  我梦寐以求，是真爱和自由,66万,织秋裤
/playlist?id=3006398457,那个说爱你一辈子的人 现在还在你身边吗,12525万,YouTube全球音乐
/playlist?id=2780667664,『失恋必听歌曲』你会突然听懂这些歌!,7384万,杰宇情感君
/playlist?id=7618247726,华语深情 | 请用心听，不要说话,305万,还未去过哪倒悬山
/playlist?id=8761428146,独处时，其实内心住了一个乐队,55203,十里Radio
/playlist?id=5368049663,大爱仙尊进行曲｜很简单，我成尊不就是了！,59万,芝士电次
/playlist?id=5127071989,治愈向| 听歌是抚慰情绪最好的良药,9292万,情思天鹅
/playlist?id=8468173742,独立流行 | 颓美黄昏里的永恒之音,10万,美伢酱子
/playlist?id=8031170682,记忆闪帧接下来是没有你的冬,84万,诀别冰岛-_-
/playlist?id=12622083891,梦里梦到的人，是醒来不能说话的人,73616,原创君
/playlist?id=652762973,时间治愈的是 愿意自渡之人,5963万,mayuko然
/playlist?id=7009056936,众人皆知水星记 而我独爱凄美地,110万,禍津神__
/playlist?id=8107997126,爱意随风起 风止意难平.,621万,小依捏捏
/playlist?id=8540257665,旧歌都杀回来了 那旧人会重逢吗.,121万,空海间
/playlist?id=10085120542,KTV必点歌曲：深情伤感老歌，每首都有回忆,1099万,萌萌比卡丘呐
/playlist?id=8307313207,公路之歌：自驾还得听摇滚！,77万,倘若问心有愧_
/playlist?id=10152555347,此去半生（古风）大明不妙曲,11万,童话镇陈发儿
/playlist?id=8804867473,车载DJ丨我爱你不仅仅是爱 仅仅是你,245万,VectorZZz
/playlist?id=7552475848,民谣小酒馆 当孤独成为习惯,253万,月亮藏不住的小情绪
/playlist?id=8216027495,2023全网旋律最棒说唱歌单（个人向）,193万,akaalaala
/playlist?id=9213704442,快乐老友记：0713再就业男团歌曲,17万,一定会成为富婆的
/playlist?id=12345088820,影视| 声声入心 追剧标配绝美ost,32363,JSJ杰思国际娱乐
/playlist?id=8257240297,【惊艳戏腔】安知浮生一场戏，绝美古风歌曲,27万,诗藏旧梦深
/playlist?id=12613366354,国语&经典R&B｜做了对饭 允许R&B！,179,白月不做梦
/playlist?id=7257062080,小众歌单‖轻快治愈的中文歌曲 ,25万,VR_One
/playlist?id=12449790925,幸运幸运 快降临我手心,40万,萌萌比卡丘呐
/playlist?id=9149535435,100首老歌新唱「经典复刻」唤起流金岁月,36万,不二叔爱听歌
/playlist?id=5481400666,只剩下熬不完的夜和听不完的网易云,989万,爱喝可乐o1
/playlist?id=328937627,经典国语，远行时的必备歌单,445万,阿涛_诶
/playlist?id=5396302207,别灰心，普普通通的你也值得被万般宠溺,1073万,Evelauren
/playlist?id=7584857807,0.8x错过的风景就不要去打听了,932万,奇妙能力哥c
/playlist?id=8791061750,【陈楚生】生哥，开口跪，反复听系列,132万,小鲸小鲸_bj
/playlist?id=8810744255,戏腔绝唱：国风传唱 戏腔一响 惊艳全场,80万,凌晨一点的莱茵猫
/playlist?id=8933856332,0713再就业男团：陈楚生苏醒王栎鑫陆虎张远,14万,一定会成为富婆的
/playlist?id=12662406995,治愈天花板：周深 单依纯 毛不易 郁可唯,1481,一定会成为富婆的
/playlist?id=7782376748,伤感说唱 | 隐藏于音乐间的抒情诗人。,226万,RapFollow
/playlist?id=2254025569,五月天回到那一天|5525演唱会全收录歌单,41万,梅酒半熟
/playlist?id=8516609636,旧歌都杀回来了那旧人能重逢吗.,96万,羊糕咩咩咩
/playlist?id=12474626060,〔草原歌曲大全〕凤凰传奇，降央卓玛,18965,一人众天WQ莣情
/playlist?id=6988887522,深夜Emo歌单 | 凌晨三点的心碎时刻,4557万,四川贫困人口
/playlist?id=8493635072,一人一首成名曲｜重听8090后华语经典老歌,209万,诗藏旧梦深
/playlist?id=2885527955,甜甜的你听➸❥甜甜的歌单,1778万,超Q弹的金金金
/playlist?id=12624308835,恋爱必听情歌「拉过勾的不会变」,64922,圆嘟嘟小甜饼
/playlist?id=7455142766,【国内说唱】适合无限循环播放Rap,1034万,奋力爬上山巅的山羊
/playlist?id=9285235304,许巍 任贤齐 王杰 周传雄 刀郎 伍佰 李宗盛等,21万,一定会成为富婆的
/playlist?id=10091784957,经典老歌100首大全 | 90后校园里的青春岁月,24万,随心所欲男孩
/playlist?id=8512442676,华语流行 | 90/00年青春回忆 经典怀旧歌曲,238万,诗藏旧梦深
/playlist?id=8013803577,90后指南 | 戴上耳机青春再回味,723万,Zakiya晴子
/playlist?id=8241891480,但偏偏雨渐渐大到我看你不见.,527万,空海间
/playlist?id=12662285275,快乐暴击｜轻松愉快的小调 心情原地起飞,4337,困困小椰椰
/playlist?id=9159844356,下班路上／戴上耳机随时可以听的放松歌曲,124万,硫磺皂I
/playlist?id=8758739607,华语女声：张碧晨单依纯刘惜君张靓颖张韶涵,28万,一定会成为富婆的
/playlist?id=12824216096,『DJ小曲』车载必备 谁开车不听DJ啊！,200,凌晨一点的莱茵猫
/playlist?id=9361524757,车载烟嗓：半吨兄弟 付豪 小阿枫 侯泽润 花姐 大欢,89万,随心所欲男孩
/playlist?id=3068267691,旧歌都杀回来了 旧人你也该释怀了.,33万,椛崎雪韵
/playlist?id=8215473413,十个勤天 做大做强,98387,二哥的头发丝儿0117
/playlist?id=8467691010,情绪漫延 | 总有一首歌代表你心底的遗憾,11万,小翅膀的羽毛
/playlist?id=12769195005,甜味心动｜祝你们的热恋 没有完结篇~,73,凌晨一点的莱茵猫
/playlist?id=12734834598,伤感DJ：只能袖手旁观看你爱别人,168,艾君子-
/playlist?id=12571909614,〔大众·品味〕热门流行，一遍上头,2161,一人众天WQ莣情
/playlist?id=12687844263,古风DJ｜音乐一响 老祖宗登场,2753,音乐歌单
/playlist?id=8808813185,我们宿舍的！！“十个勤天，做大做强！”,41314,靴靴是有在努力da
/playlist?id=5359033635,天赐的声音 | 顶级翻唱，震撼人心！,295万,LiriCam
/playlist?id=7724186482,疗愈进行时：温柔刻画往事眷恋,75274,以上皆非-
/playlist?id=8846768811,开车时候听的歌dj 车载音乐中文最新最热DJ,632万,音乐歌单
/playlist?id=8249544634,[综艺] 十个勤天 种地吧少年参与和vlog歌曲,74万,莲绮梦
/playlist?id=87534561,男生唱女生的歌好暖好温柔,1852万,近未来尽未来
/playlist?id=4876047134,深夜emo天花板情歌系列「一秒就落泪」,568万,椛崎雪韵
/playlist?id=8503837462,旧歌都杀回来了 那旧人会重逢么.,602万,空海间
/playlist?id=9329021814,90后经典老歌300首 | 那些年最好听的金曲,275万,随心所欲男孩
/playlist?id=12461666490,00年代华语经典 | 听来听去还是老歌好！,28932,诗藏旧梦深
/playlist?id=531321323,将回忆酿成烈酒入喉 从此不再挽留不再回头,12994万,mayuko然
/playlist?id=12484492946,〔浴室好声音〕洗澡时都会跟着唱的歌,70121,一人众天WQ莣情
/playlist?id=12572917371,车载DJ｜ 热爱你所热爱的,2191,Velprh
/playlist?id=2547656780,林俊杰 薛之谦 李荣浩 林宥嘉,566万,想吃西红柿炒蛋-
/playlist?id=8873570417,陈楚生 | 王栎鑫 | 陆虎 | 张远 | 苏醒,24万,一定会成为富婆的
/playlist?id=5146191146,好好去爱这个世界 因为你值得,3468万,螚安Vivienne
/playlist?id=9101767241,2024神仙嗓音：单依纯张碧晨毛不易汪苏泷,47万,一定会成为富婆的
/playlist?id=7280179495,成为遗憾的话 是不是被记得更久,367万,糟糕小Z
/playlist?id=8467976459,New Epoch丨轻松深邃，像夕阳一样,84680,早起头发会炸毛
/playlist?id=9364738029,『伤感/硬曲DJ』 听硬曲DJ 不做零碎女人,96万,凌晨一点的莱茵猫
/playlist?id=8421699961,「十年」KTV里的华语金曲 麦霸必修,201万,诗藏旧梦深
/playlist?id=8468288439,晚安曲丨生活细碎 万物成诗,69962,早起头发会炸毛
/playlist?id=12494487375,华语柔情｜生活的意义 在于彼此的互相照亮,10649,凌晨一点的莱茵猫
/playlist?id=7584934569,0.8x你可以和我聊天然后消失,991万,廉昕蕊_3812
/playlist?id=8468190945,夜色留声机|温柔的晚风与惬意的酒馆,10万,早起头发会炸毛
/playlist?id=9285235202,郑源 冷漠 祁隆 易欣 欢子 六哲 陈瑞,10万,一定会成为富婆的
/playlist?id=5175824664,90后免费流行歌曲经典老歌,447万,丶Forever18
/playlist?id=8480571433,派对时间 | 一秒开启快乐模式,78150,早起头发会炸毛
/playlist?id=5278911021,欲买桂花同载酒，终不似、少年游,30万,海沉溪
/playlist?id=6931092604,『有人释怀 有人在风中爱了又爱』Lose.,557万,失恋第1713天
/playlist?id=8817730334,『DJ』爱意随风起 风止意难平,157万,SunnyIcyyyice
/playlist?id=7033723768,emo天花板深夜伤感歌曲合集「睡觉听的歌」,462万,XlA0XlN
/playlist?id=5169332035,慢调rap | 孤独到了极致便是享受,158万,为安不够好
/playlist?id=8301351998,爱你的人 会包容你的一切,60万,好你个小夜
/playlist?id=2864735012,超级好听的华语原创歌集 一秒沦陷,1332万,曜曜的剑呐
/playlist?id=5091550227,微醺Hiphop | 扑通 醉倒在酿满爱的银河,1102万,你要乖喔-
/playlist?id=9369249551,华语80，90后经典老歌 | 怀念青春的模样,38万,随心所欲男孩
/playlist?id=12560338813,民谣柔情｜我被市井煮沸 但我依旧鲜活,37336,凌晨一点的莱茵猫
/playlist?id=2190978686,乐队｜一次有预谋的初次相遇,381万,格林岛屿
/playlist?id=2258014719,初闻不知曲中意 再听已是曲中人,339万,YouTube全球音乐
/playlist?id=7094989917,眼 睛 里 的 难 过 快 要 流 出 来 了,1699万,ZISHUMIXI
/playlist?id=8596070047,那片刻的幸福最为致命,65万,nuna-nuna_
/playlist?id=9523756643,华语：没有结局的爱情，才是青春,11万,温柔只给XK
/playlist?id=12278858227,华语顶级live：教科书级别的翻唱,10519,一定会成为富婆的
/playlist?id=12781361316,周杰伦歌曲｜Jay经典 青春回忆旋律,5954,凌晨一点的莱茵猫
/playlist?id=8502445937,0.8x 耳机里播放着是谁的遗憾.,43万,每天怎么都睡不醒啊
/playlist?id=5332394256,华语顶级治愈：神仙听了都沦陷,107万,LiriCam
/playlist?id=12625089213,好听到原地爆炸的中文说唱（中文rap 歌单）,1682,一定会成为富婆的
/playlist?id=9184829314,许嵩 徐良 汪苏泷 本兮 单色凌 小贱 后弦,32万,一定会成为富婆的
/playlist?id=9087477793,张碧晨 单依纯 汪苏泷 王赫野 姚晓棠 杨宗,44万,AlimYusif
/playlist?id=8240351856,全网热播丨每首都值得收藏起来,243万,小倩不吃零食
/playlist?id=12727158104,[经典再现]8090后怀旧金曲，首首触动心弦,385,不二叔爱听歌
/playlist?id=7659118721,"""风月都好看，人间也浪漫 """,51万,骑车去芬兰玩
/playlist?id=7126320418,华语经典丨聆听90后记忆中的声音,429万,还未去过哪倒悬山
/playlist?id=8445737447,一人一首成名曲｜8090后MP3里那些旧时光,793万,诗藏旧梦深
/playlist?id=12501299600,除了快乐禁止入内（更新至10.26上海场）,889,baekyy鱼饼_
/playlist?id=8468609815,旅行丨愿这无尽光芒，永远照耀着你,15万,早起头发会炸毛
/playlist?id=8538721495,大大怪将军 小小怪真的很想你.,73万,每天怎么都睡不醒啊
/playlist?id=8031711053,青春记忆 | 90后校园岁月的流行歌曲,237万,总有一束光等着你
/playlist?id=2898850627,愿你独立且清醒，又酷又温柔,764万,迟到情书
/playlist?id=12723117046,华语流行，如同一股温暖而强大的潮流,26752,啊里噶多美洋洋
/playlist?id=12758270567,当年火遍大街小巷‖90后学生时代的青春记忆,157,一人众天WQ莣情
/playlist?id=7438961477,下班路上！轻快华语赶走焦虑,1121万,酒搽o_o
/playlist?id=7694221069,感受不到爱意的时候记得全身而退,58万,一只甜白羊
/playlist?id=7060974912,薛之谦（睡觉不会被吵醒的）,17416,陪你去流浪xq
/playlist?id=9087787115,综艺名场面live：一人一首成名曲,17万,LiriCam
/playlist?id=5018071193,R&B流行 | 陶喆 颜人中 方大同 余佳运 郭顶,512万,我不是栗子呐
/playlist?id=5225284500,江南烟雨|一曲箜篌肝肠断 不知相思算何否？,14万,君忆皆温柔
/playlist?id=8457627121,倾听心跳声 | 沉醉于爱的旋律中,20万,CtrlUshift
/playlist?id=7058382857,幸福幸福 请降临我手心,132万,春色余烬
/playlist?id=12785301114,烟嗓情歌｜回忆让我不敢再碰感情 伤感100%,628,诗藏旧梦深
/playlist?id=8436152851,.所以困住你的究竟是什么.【0.8X 0.9X】,107万,春不晚_01827
/playlist?id=5079225483,你的声音 我好像快忘了.,1028万,变傻喷雾77
/playlist?id=75421929,评论过万的中文歌与潜力股,3059万,吴雪龙
/playlist?id=28807337,民谣，平淡的口吻诉说强烈的情绪,140万,YouTube热门日推
/playlist?id=12766985638,〔7080后经典怀旧老歌〕磁带机熟悉的旋律,1342,一人众天WQ莣情
/playlist?id=7719957439,1.2x你让爱一点一滴汇成河,75384,BIRTOPAX
/playlist?id=7091283948,甜蜜嘻哈 柔情说唱 超炫flow,2939万,月牙超级甜y_y
/playlist?id=8121474548,超级无敌百听不厌Chinese歌！,171万,听歌表示有了情绪
/playlist?id=8738262222,华语 | 那些好听到爆了的经典老歌,331万,诗藏旧梦深
/playlist?id=12466453064,天赐的声音vs我是歌手vs声生不息,2711,一定会成为富婆的
/playlist?id=12683729995,DJ中文丨不怕老歌有多嗨 就怕老歌带DJ,19671,零碎的孤岛终会找到那片海
/playlist?id=12554269676,合伙人强推 | 国产摇滚乐队的必听神仙单曲,2443,音乐合伙人
/playlist?id=8748229863,治愈系歌曲｜人群拥挤慢下来生活,239万,音乐歌单
/playlist?id=12661767537,窗外的世界都是风景 | 幸会 |,700,xiv以暖兮
/playlist?id=8814351025,重温｜8090后经典老歌 一人一首成名曲,68万,诗藏旧梦深
/playlist?id=2163517726,熬夜和想你，我都该戒掉了,5101万,YouTube全球音乐
/playlist?id=8523393103,那些好听却不知道名字的歌曲合集,296万,祺睿祺睿-真的爱睡
/playlist?id=5066873486,KTV必点歌曲：深情伤感老歌，每首都有回忆,1213万,侠侣亲子-许天准
/playlist?id=7487479017,飙升中|那些你还没听歌的歌曲,292万,小小小的可爱呀
/playlist?id=9778327009,华语情歌王：郑源 冷漠 姜玉阳 欢子 六哲,71062,一定会成为富婆的
/playlist?id=8468644549,轻快音乐 一键开启今日份满满活力,24万,早起头发会炸毛
/playlist?id=12577678701,ChiliChill 混入人类计划 2024巡演歌单,7617,Aknic_
/playlist?id=8199141722,emo天花板歌曲「睡觉听」「伤感」「失恋」,219万,睡不饱佳佳
/playlist?id=12589714120,粉碎坏情绪！摇摇头把烦恼摇出来,23283,左左来啦_
/playlist?id=2792976270,你肯定能熬到不喜欢TA的那一天,1475万,螚安Vivienne
/playlist?id=9739830626,怀旧经典｜那些90年代华语金典老歌,116万,走马川行北海边
/playlist?id=8753082269,『DJ』心怀浪漫宇宙 也惜人间日常,151万,猫咖喜欢经典出神舞曲
/playlist?id=8524643079,旧歌都杀回来了那我们还能再重逢么.,196万,可可最乖l
/playlist?id=3225799156,不怕新歌有多嗨 就怕老歌带Dj.,1006万,雾抉
/playlist?id=8945086456,国风融合流行 | 烟雨古风与现代电音交织,15万,张允一老可爱
/playlist?id=7582586641,别急甜甜的恋爱马上就轮到你了,284万,古瑞斯Graps
/playlist?id=8540922440,公主请听歌 | 我宣布世界上不能没有女孩子!,19万,织秋裤
/playlist?id=12577701411,90后回忆杀，这些老歌，你还会单曲循环吗,1813,不二叔爱听歌
/playlist?id=12671921562,华语｜自己买花，自己长大，好像也没那么难,1027,失忆宇宙
/playlist?id=8451297177,自驾游旅行｜答案在路上 自由在风里,30284,-孤岛与海_
/playlist?id=7700788693,伤感emo说唱 | 看着你的照片陷入情绪,2073万,ZISHUMIXI
/playlist?id=8381289087,我只吃晚饭_李雨霏‖合集歌单，更新中,12万,KASABLANKA7
/playlist?id=4937558816,华语 | 元气满满：你的快乐补给站,18万,外太空来的小可儿
/playlist?id=8059851101,伤感说唱 | 哼首为自己怜悯的歌,217万,总有一束光等着你
/playlist?id=7660761729,始于民谣|死于民谣（孤独患者）,496万,yhs-77
/playlist?id=2980085043,100味夜晚温柔女声 唱出谁的不眠心事,1907万,YouTube全球音乐
/playlist?id=8847213416,治愈度100%：单依纯郁可唯毛不易周深,28411,一定会成为富婆的
/playlist?id=12461715876,『90后』小时候【耳熟能详回忆杀经典老歌】,1783,诗藏旧梦深
/playlist?id=8422583693,『浪漫主义』爆炸好听的旋律说唱！,97万,Zakiya晴子
/playlist?id=10016172080,中国好声音历届神仙金曲live,14万,一定会成为富婆的
/playlist?id=8749593258,先上DJ先上DJ丨土到极致就是潮,318万,公园过去弹跳音乐
/playlist?id=8752841606,『DJ』眼泪是人类制造的最小的海,236万,猫咖喜欢经典出神舞曲
/playlist?id=6622603635,［星星］周深所有（有版权的）歌曲,19万,KID_Summer
/playlist?id=8468113996,旅途旋律 | 听彼此心跳的旅行故事,28万,早起头发会炸毛
/playlist?id=7659335151,「温柔翻唱」好听的歌从来没有完整版,141万,小翅膀的羽毛
/playlist?id=7509868738,即刻出发：踏遍山河湖海，便觉人间值得,71467,小翅膀的羽毛
/playlist?id=7430064260,KTV热歌：九零后麦霸点唱指南,829万,Whowouldlikeloneliness
/playlist?id=12663661058,90后青春老歌：时光不老，我们不散,771,不二叔爱听歌
/playlist?id=12617956777,那些惊艳了8090后青春岁月的经典老歌,317,乐爷r
/playlist?id=8467705192,夜晚旋律 | 想和爱的人漫游，环绕着温柔,86889,早起头发会炸毛
/playlist?id=12579569345,ChiliChill-2024全国巡演-混入人类计划,11158,拓铭MinTok
/playlist?id=8415975988,烟嗓男人 | 再多伤痛一个人扛,251万,诗藏旧梦深
/playlist?id=9328750976,80，90后经典老歌300首 | 回忆年代金曲,37万,随心所欲男孩
/playlist?id=798390266,我也曾经憧憬过 后来没结果,245万,不觉_1996
/playlist?id=12591165588,宝藏星球｜拯救歌荒，一键开启心动模式,10万,冉冉不偷懒
/playlist?id=7566171422,陶喆 郭顶 方大同 余佳运 丁世光 汪昱名,330万,彭奕煊啊
/playlist?id=7289398582,神仙歌手：单依纯 郁可唯 张碧晨 周深,57万,LiriCam
/playlist?id=8481377370,猫的树OST-想你/飞奔/见面/可爱,10万,今天也开心s
/playlist?id=635903110,一个天蝎座的听歌列表,7933万,欢欢酱-
/playlist?id=8894510669,璀璨瞬间：00年代华语金曲,47719,萌萌比卡丘呐
/playlist?id=2140102195,雨纷纷旧故里草木深 我听闻你已有心上人,133万,微晚棠
/playlist?id=8479250528,薄情的人风生水起 求爱的人挫骨扬灰,25万,小翅膀的羽毛
/playlist?id=2141650537,带上耳机和我一起 今晚23:oo,36404,Mercur記
/playlist?id=8804425755,喜欢你 好像是上辈子的事,673万,小柏同志-
/playlist?id=9353534507,网络老歌经典，8090的非主流记忆,24万,一定会成为富婆的
/playlist?id=8873866212,K歌之王：KTV必点全场大合唱,60万,一定会成为富婆的
/playlist?id=12634686637,最强车载丨凤凰传奇金曲丨高磁场高能量,2787,超Q弹的金金金
/playlist?id=12580952468,开口即俘获人心 一听就爱上的中文咚鼓歌曲,792,月亮藏不住的小情绪
/playlist?id=8744925269,车载DJ丨起风了 你头发乱了哦,228万,公园过去弹跳音乐
/playlist?id=8531613529,雨停了 再送伞就没有意义了,12万,nuna-nuna_
/playlist?id=2081357091,你吃过的苦会铺成你想要的路.,143万,困局罢了
/playlist?id=6758796322,大胆做自己，没什么大不了的对吧,511万,甜氧i
/playlist?id=10111958713,Rapeter‖合集歌单，更新中，林宛瑜,38029,KASABLANKA7
/playlist?id=2575711792,黄诗扶全辑ㄧ世人的凛冽到底不如山上雪。,57万,红衣初嫁血夜逢花
/playlist?id=7362102252,我向山神庙借来东风 我有何做不得那林冲,463万,买奔驰上夏树
/playlist?id=7084139935,0.8X 我真的好想 能够回到过去,894万,一片孤叶行舟
/playlist?id=2959626676,汪苏泷★专辑《十万伏特》&遗珠：睡前故事,82万,星星坠落时211
/playlist?id=12706609550,耳机里的音乐是我最低成本的快乐,152,宁遇夏
/playlist?id=8468702378,思念 | 寄给你二十亿光年的爱,91870,小翅膀的羽毛
/playlist?id=12466403956,超甜说唱 | 情深万象皆深,11930,音乐合伙人
/playlist?id=10081325853,伤感老歌 | KTV时就照着这个点,1060万,以上皆非-
/playlist?id=7539365096,白首之约：爱为名，余生为期,94166,小翅膀的羽毛
/playlist?id=12348937993,天赐的声音5：金曲舞台惊艳全场,192万,一定会成为富婆的
/playlist?id=736959947,他们为她们写的歌 轻松hold住少女风,947万,可尼晏
/playlist?id=5323071232,0.8x 我们都低估了时间的善变,1616万,一片孤叶行舟
/playlist?id=7532282276,去行动吧，别停滞在无休止的迷茫和踟蹰里！,35万,肉肉的作业君
/playlist?id=10078315838,「热歌」回家路上不得不循环的音律,672万,美伢酱子
/playlist?id=736884833,一个人也能嗨|欢快的歌曲总是能带来好心情,540万,一碗白粥贴边喝
/playlist?id=12628516255,氛團感说唱微醺加点浪漫味道,170,chelife
/playlist?id=9327775487,声生不息：汪苏泷 单依纯 周深 陈楚生,29万,一定会成为富婆的
/playlist?id=8888142948,0713：陈楚生苏醒王栎鑫张远陆虎王铮亮,23万,一定会成为富婆的
/playlist?id=12762693097,别emo来恋爱｜情歌rap甜度拉满,139,施绮言
/playlist?id=12465332933,情歌教父 | 周传雄的金曲TOP50,42万,微雨染尘埃
/playlist?id=2331539458,傍晚一起去看晚霞好吗,1086万,冬日与猫-
/playlist?id=2301753292,这些往事连起来，是我暗恋你多年的秘密,2344万,YouTube全球音乐
/playlist?id=12652610971,清新R&B｜生活易疲惫 来点 r&b音乐调调味~,263,凌晨一点的莱茵猫
/playlist?id=2860993459,华语R&B｜温柔声线下的情绪小调,161万,池塬泽浅
/playlist?id=879463910,我知道风里有诗，那正是民谣的歌,2748万,情思天鹅
/playlist?id=6728756523,青年热歌站：邀你打卡时下流行歌,1448万,YouTube全球音乐
/playlist?id=9771020784,说唱情歌｜rapper 也能柔情嘻哈,14824,张以晨_
/playlist?id=12587027972,治愈系｜努力和世界变熟，快给生活比个耶,14万,冉冉不偷懒
/playlist?id=12203560911,天赐的声音第五季顶级嗓音,14万,一定会成为富婆的
/playlist?id=9205039097,徐良许嵩汪苏泷非主流霸榜三巨头,62582,一定会成为富婆的
/playlist?id=12533870463,【一人一首代表作】华语乐坛金曲精选集,1939,懒狗音乐
/playlist?id=8812684653,车载DJ|适合路上开车的经典DJ神曲,132万,你还在吗福德
/playlist?id=12582991888,『伤感释怀曲』念念不忘 必有回响,1997,凌晨一点的莱茵猫
/playlist?id=9385678848,南波万（学分都听的歌单）,81218,爱石头钱的元元
/playlist?id=12490963127,〔华语回忆杀〕经典▪永不过时的金曲,1590,一人众天WQ莣情
/playlist?id=12712256763,开心万岁｜积极乐观才是生活最高级的质感,1103,困困小椰椰
/playlist?id=8785557510,90后电视剧回忆 | 主题曲里的青春,167万,诗藏旧梦深
/playlist?id=12521657409,合伙人精选｜工作日午后必备的轻松小调,2455,音乐合伙人
/playlist?id=2502620711,单点听播 凌晨十二点的歌单,2434万,陈先生的轨迹
/playlist?id=8899972439,100首让你瞬间勾起回忆的老歌,70万,随心所欲男孩
/playlist?id=12768800662,国风慢摇DJ|古风DJ的浪漫情怀 驾车可听,624,张允一老可爱
/playlist?id=9285664002,车载烟嗓：陈楚生 杨宗纬 薛之谦 毛不易,21万,LiriCam
/playlist?id=8065579761,华语R&B•独行的人总会遇到有趣的人,13万,信号灯彩蛋
/playlist?id=8746784976,车载DJ丨坐稳了 我要带你飘起来,401万,美容院讲涩谷系
/playlist?id=9776309236,颜人中 郑润泽 呆呆破 队长,23758,一定会成为富婆的
/playlist?id=10034374075,【老歌带DJ】硬控进场，土到极致就是嗨,244万,诗藏旧梦深
/playlist?id=2899237690,结局无所谓 你永远都是我的17岁,61万,好运伴淇7
/playlist?id=8294697836,国摇 | 草东/梅卡/刘森/deca/万青/……,75万,Yoloxyaiii
/playlist?id=8878057052,华语 | 90后青春回忆杀 藏在老歌里的故事,73万,诗藏旧梦深
/playlist?id=6939582081,『失眠&分手必备歌单』想把回忆拼好给你,1532万,四川贫困人口
/playlist?id=9180759987,华语 | 90后回忆杀 百听不厌的经典老歌,294万,诗藏旧梦深
/playlist?id=12766494801,黄子弘凡｜除了快乐禁止入内演唱会,2867,泡芙是宝贝呀
/playlist?id=8467695947,如果最后是你， 晚一点也没关系,24万,小翅膀的羽毛
/playlist?id=8595510525,成年人的心酸：崩溃往往只是一瞬间,110万,TiAmoKilig
/playlist?id=12243801565,【黑胶VIP】专属于你的精选好歌,57万,小廖是颗开心的荷包蛋
/playlist?id=5428238787,民间小曲儿·京剧·越剧·黄梅戏,11万,变格推理
/playlist?id=8749698651,中文车载DJ丨活出自我 跳出自我,150万,公园过去弹跳音乐
/playlist?id=2219770152,还记得你的梦想吗？别让你的梦只有想,2815万,mayuko然
/playlist?id=12643901575,国庆快乐｜华诞盛世祝以万家灯火,21万,献给莉莉的玫瑰
/playlist?id=9329632398,80，90后经典老歌 | 承载着一代人的回忆杀,177万,随心所欲男孩
/playlist?id=9267000886,「华语摇滚」可是我的自卑胜过了,21万,拔胡萝贝
/playlist?id=6894682076,0.7x/0.8x可是你硬要错过我 我能怎么办,474万,屠龙少年阿宾
/playlist?id=7084147602,0.8x 爱的多的人总先流眼泪,1546万,一片孤叶行舟
/playlist?id=8468212685,暧昧气氛拉满 | 醉死在浪漫的氛围里,21万,小翅膀的羽毛
/playlist?id=12707341358,「华语•经典」怀旧老歌，不忘初心,393,一人众天WQ莣情
/playlist?id=5304877342,华语青春 | 90后校园岁月的流行歌曲,2452万,有些爱只能掩于岁月
/playlist?id=7091210845,炫酷说唱:耍帅一哥还得是rapper,1286万,月牙超级甜y_y
/playlist?id=9811955165,《天赐的声音》那些惊艳全场的歌曲,111万,一定会成为富婆的
/playlist?id=8281707950,emo说唱 | 有人陪你了那我退场了,64万,总有一束光等着你
/playlist?id=2338950813,王以太｜中国说唱旋律天板,104万,云音乐首席歌单达人
/playlist?id=12712599723,华语怀旧丨陪你走过的那青葱岁月,16万,张大佛爷张大佛爷
/playlist?id=8532527829,公路旅行 | 出发吧 带着自由与勇敢,241万,音乐合伙人
/playlist?id=12714231139,「太•经典」这些歌仍回荡在耳边！,35,一人众天WQ莣情
/playlist?id=12706570444,曾经停留在八零九零后MP3里的经典老歌,23384,随心所欲男孩
/playlist?id=8945992365,薛之谦 | 毛不易 | 许嵩 | 李荣浩 | 陈奕迅,25895,一定会成为富婆的
/playlist?id=8749688664,车载中文DJ歌曲丨油门踩碎 准备起飞,146万,公园过去弹跳音乐
/playlist?id=12657958094,1.2x1.3x能不能让我回到最初的记忆.,1661,解忧邵帅
/playlist?id=9090655092,精选华语DJ嗨歌 开启无限亢奋模式！,33万,肖小颖战
/playlist?id=8859300962,宝岛情歌｜韦礼安 周兴哲 HUSH 卢广仲,15621,浮生不如凤
/playlist?id=8870749946,『DJ』错过了 就再也不要遇见了,191万,lisa盈盈
/playlist?id=10083872065,听完也该释怀了吧.,1276万,偷走了西雅图的天空
/playlist?id=12737359613,嘻哈争霸赛 | 我的领域展开定让你哑口无言,23241,Tambition_Hong
/playlist?id=12461794297,甩掉烦恼｜听了HAPPY一整天的合伙人快乐歌,7747,音乐合伙人
/playlist?id=7517714979,热歌集 | 乐观和爱才是生活的解药,509万,还未去过哪倒悬山
/playlist?id=8874864575,安溥 时寐演唱会 大陆巡演歌单 实时更新,38万,Yu你握手
/playlist?id=9266789245,凤凰传奇“吉祥如意”2024巡回演唱会歌单,121万,三三三叶虫
/playlist?id=12571740495,【黑胶唱片精选】｜戴上耳机体验品质歌单,91894,想要盒乐高
/playlist?id=9369737104,华语情怀古风DJ|春风化雨·温柔如初,45480,张允一老可爱
/playlist?id=12645877703,陶喆+方大同：不可抵挡的R&B魅力！,1128,歌单美少女
/playlist?id=9172121415,王菲，刘若英，莫文蔚，孙燕姿，梁静茹,20万,一定会成为富婆的
/playlist?id=5461469407,古风 | 写尽千山，落笔皆是你,822万,虚空第一美少女
/playlist?id=7400598157,持更‖宝藏女声♥把温柔发挥到极致,68748,热心音乐人橘子
/playlist?id=12719546063,温柔随风｜阳光里 静静地感受秋日绚烂气息,334,白月不做梦
/playlist?id=7187106251,深夜emo伤感 | 当初说好的幸福呢,2337万,麦女士努先森
/playlist?id=8604356972,华语 | 90后回忆杀 青春岁月的经典老歌,188万,诗藏旧梦深
/playlist?id=8811011918,伤感中文DJ丨爱而不得的感情最伤人,168万,静静爱喝汤
/playlist?id=12504803330,80，90后怀旧回忆杀 | 重温当年的华语热歌,31633,随心所欲男孩
/playlist?id=8468654095,睡不着的凌晨 回不去的我们,16万,小翅膀的羽毛
/playlist?id=12619910313,店铺情歌电台｜欢迎好心情光临,18247,小熊不伤心_
/playlist?id=12663067973,席卷2000年华语歌坛风暴200经典金曲,1010,不二叔爱听歌
/playlist?id=7578441121,又到了听罗生门的季节,808万,ZISHUMIXI
/playlist?id=12457840416, 心情不好也没关系来听首DJ吧,11万,以上皆非-
/playlist?id=12572043898,深情男烟嗓｜那些唱到沙哑的苦情歌,4396,祝你开心自由
/playlist?id=12619675100,〔华语▪老歌〕一个80后眼里的经典,326,一人众天WQ莣情
/playlist?id=520028010,天气好的话，把耳机分给我一半吧,242万,-hello39
/playlist?id=8665745167,老歌经典90后青春回忆大串烧,27万,阿呆呆呆呆晨
/playlist?id=10085568010,爱意随风起 风止意难平,316万,骑车去芬兰玩
/playlist?id=12545457617,实力歌手：周深任素汐单依纯毛不易薛之谦,4005,一定会成为富婆的
/playlist?id=8569359159,【中文流行/R&B】被指到的人进来听首歌吧！,169万,猴里贵想吃麦当劳
/playlist?id=8468114002,「旅行」吹起口哨，踏上旅途,23万,早起头发会炸毛
/playlist?id=8792738667,亲爱的不要再说你还爱我,69万,施绮言
/playlist?id=9111148297,小甜歌Pick：像嘴里含着的草莓味软糖,35万,凌晨一点的莱茵猫
/playlist?id=12448697167,高饱和R&B➠转音浪潮汹涌律动,13万,发现梦想ExploreMusic
/playlist?id=3239239532,0.8x故事都说烂了还是意难平,809万,雾岛救赎
/playlist?id=12783497264,杨丞琳 王心凌 蔡健雅 梁静茹 张惠妹等,233,一定会成为富婆的
/playlist?id=8478881794,当爱开始 悲伤就在倒计时,34万,小翅膀的羽毛
/playlist?id=2116945770,[RAP]中文励志说唱-为梦想努力奋斗,2982万,Evan呀
/playlist?id=8391335315,再听一遍青花瓷 敬我们的初相识.,34万,nineoneo
/playlist?id=12563255537,独处听歌指南｜独享心情放空时刻,10万,哥哥要喝排骨汤吗
/playlist?id=917274677,中国内地嘻哈说唱更新不断,306万,明日玉兰花秀丽
/playlist?id=2444798599,世上为什么有NINEONE那样酷的女孩,658万,歪歪T先森
/playlist?id=8873080078,『DJ』我们都低估了时间的善变,156万,lisa盈盈
/playlist?id=8468039180,抒情旋律·你是我未曾拥有无法捕捉的亲昵,11万,小翅膀的羽毛
/playlist?id=8035022928,甜蜜暴击：恋爱党单曲循环的调调,198万,总有一束光等着你
/playlist?id=8732357312,华语 | 90/00后青春回忆杀 经典电视剧歌曲,91万,诗藏旧梦深
/playlist?id=9336569355,希林娜依高‖合集歌单，更新中,36446,KASABLANKA7
/playlist?id=9389047410,亡妻精选回忆录｜音乐一响emo登场,16万,Jayfoolsh
/playlist?id=8468041267,抒情 | 如果喜欢能和合适撞怀该多好,16万,小翅膀的羽毛
/playlist?id=12622377250,下午茶精选 | 每个音符治愈午后的疲惫感,7142,一片孤叶行舟
/playlist?id=2433696048,承蒙你出现，够我欢喜好多年,1107万,螚安Vivienne
/playlist?id=8530776426,艾志恒Asen‖精选，哪几首你的最爱,10万,KASABLANKA7
/playlist?id=9143678935,BGM一响，Be宿命感拉满,1029万,音乐歌单
/playlist?id=7577858419,失恋emo歌单 | 只有你是我的解药,2343万,麦女士努先森
/playlist?id=9090604985,流行歌曲 |90/00后回忆 解开尘封已久的记忆,188万,诗藏旧梦深
/playlist?id=12335941175,单依纯 张碧晨 周深 毛不易 陈楚生 汪苏泷,10万,LiriCam
/playlist?id=8580592417,甜甜恋曲：我爱你在地球上也不是什么大秘密,136万,凌晨一点的莱茵猫
/playlist?id=6722202844,0.7x/0.8x很想你 可是我们没话讲了,174万,屠龙少年阿宾
/playlist?id=12580036106,那些年，MP3里循环播放的经典老歌。,3581,不二叔爱听歌
/playlist?id=7584928611,0.8x阳光拯救不了枯萎的向日葵,1272万,大连芝米谷
/playlist?id=7644326682,古言小说必备/氛围感画面感/沉浸式/古偶,44万,谐音耿扣大分
/playlist?id=8218436455,适合晚上听的歌｜睡觉催眠曲,85644,饿饿小狗吃吃
/playlist?id=12361344533,随机播放｜专属于奶茶店的精选歌单,71411,小廖是颗开心的荷包蛋
/playlist?id=3134064854,这次就真的再也见不到了,1816万,决劣
/playlist?id=2788431035,总有一个人教会你成长 然后悄无声息的离开,1605万,YouTube全球音乐
/playlist?id=7718933383,中文R&B｜旋律与节奏交织 极致的浪漫,979万,想要盒乐高
/playlist?id=7276661900,emo天花板歌曲系列「伤感」「睡觉听」,1266万,印纹v
/playlist?id=12740041421,甜梦计划｜亲爱的小乖，月亮替我对你说晚安,4358,困困小椰椰
/playlist?id=8281992768,偷拨岁月的弦：聆听金曲怀旧大碟,49万,杨大叔呢
/playlist?id=8262598125,『90后回忆录』品味经典 重温旧梦,523万,A-清风醉
/playlist?id=12752762512,郑润泽：收藏你语音的时 我就知道你也会走,119,超Q弹的金金金
/playlist?id=7692182373,华语CD馆：寻找青春的痕迹,42万,Whowouldlikeloneliness
/playlist?id=9404695513,80，90后经典老歌 | 回味经典 重温旧梦,12万,随心所欲男孩
/playlist?id=5081713454,还有遗憾吗 听不到回答,262万,ONE-羽
/playlist?id=8518828454,情绪可以控制 但是眼泪不会撒谎.,64万,忘了吧忘了吧就忘了
/playlist?id=2401738837,精选•孙燕姿/张惠妹/王心凌/蔡健雅/邓紫棋,2236万,格林岛屿
/playlist?id=6628509471,保持对生活的期待，把每天都过得热气腾腾,382万,不愛學習的小象
/playlist?id=7220119252,深夜emo歌单「心碎」「伤感」「孤独」,3124万,安定區Stable_zone
/playlist?id=374820366,曾经是否有被一句歌词打动过,2144万,跨过凌晨
/playlist?id=10152755947,黄子弘凡 合集歌单 更新中 青火,71474,KASABLANKA7
/playlist?id=7315565712,独享时光 | 独处是一个人的清欢,560万,还未去过哪倒悬山
/playlist?id=7726496234,小众氤氲：入夜慵懒的绝美声线,60003,骑车去芬兰玩
/playlist?id=12595295194,林俊杰 | 我们约定「JJ20」世界巡回演唱会见！,13094,微雨染尘埃
/playlist?id=2172441628,心动预警｜叮咚！这里有场恋爱要和你谈一下,18万,织秋裤
/playlist?id=12755661857,华语治愈|渲染出一抹别样的浪漫,81982,云音乐学姐
/playlist?id=8479260451,难过的人要早点睡「emo天花板」,27万,小翅膀的羽毛
/playlist?id=9334706614,天赐的声音：顶级实力派歌手,141万,一定会成为富婆的
/playlist?id=8466171258,笑一个吧 | 人间烟火，山河远阔,11万,小翅膀的羽毛
/playlist?id=9087476155,安和桥的前奏一响 路边的狗都有遗憾,697万,音乐歌单
/playlist?id=10130706679,你到底是承受了多少委屈才能如此温柔,835万,CtrlUshift
/playlist?id=9406473385,《声生不息》《时光音乐会》《剧好听的歌》,96481,一定会成为富婆的
/playlist?id=12786968825,「女声✣随想」倾听嗓音里的每个故事ღ,35,一人众天WQ莣情
/playlist?id=3209683279,“网 易 云 伤 感 音 乐”,1496万,朴彩英-Rosek
/playlist?id=8691014912,婚礼歌单丨幸有所爱，因此才无畏山海,50万,北方易先生
/playlist?id=8476067076,轻快俏皮古风小调，带来愉悦的心情啦,145万,总有一束光等着你
/playlist?id=12786926096,沧桑烟嗓音 | 人间疾苦的浅吟低唱,422,诗藏旧梦深
/playlist?id=8899662615,神仙嗓音：周深毛不易郁可唯张碧晨,80万,一定会成为富婆的
/playlist?id=7117252775,国语经典 | 岁月是神偷偷走最宝贵的记忆,490万,还未去过哪倒悬山
/playlist?id=12460959988,怀旧经典流行歌曲、感受曾经的激情与梦想,208,新悦_Zxs
/playlist?id=9922484722,许嵩呼吸之野巡回演唱会——深圳站,21868,许你一世繁华i
/playlist?id=8893983780,华语 | 90后回忆杀 陪我们长大的经典老歌,69万,诗藏旧梦深
/playlist?id=12636255352,中文咚鼓丨劲爆嗨曲 听了心情会变好,1204,月亮藏不住的小情绪
/playlist?id=2953607699,夜韵华章 | 诗意的鼓点敲响心底旋律,12万,张允一老可爱
/playlist?id=7552130236,失恋emo歌单 | 不知道算是谁的错,2057万,柯基7441
/playlist?id=7209189631,张杰演唱会未·LIVE「开往1982」全收录,27万,梅酒半熟
/playlist?id=12503488947,粉碎坏情绪！摇摇头把烦恼摇出来,21355,祝你开心自由
/playlist?id=6737254539,【华语R&B盛宴】浪漫时代,228万,ftulfeiy
/playlist?id=540230671,以为时间是良药，谁料只愈皮外伤,1335万,--苏麻离青--
/playlist?id=7487760322,华语流行：温柔的风吹皱了晚霞的心,1076万,美伢酱子
/playlist?id=9466218115,90后回忆杀：100首经典网络歌曲,112万,一定会成为富婆的
/playlist?id=9406338453,天赐的声音最值得听的50首歌！,82万,AlimOfficial
/playlist?id=12668039353,那些年错过的声音·R&B中文精选,595,Alimjan_Abdurezak阿力木江
/playlist?id=8119843507,车载DJ中文【油门到底风生水起】咚鼓版,263万,ZMR-张小瑞
/playlist?id=2862886083,你今天好吗 被人左右情绪了吗,1298万,螚安Vivienne
/playlist?id=10028817266,华语巅峰神仙打架8090年代金曲,28万,乐爷r
/playlist?id=7084187402,失恋emo歌单「心碎」「难过」「孤独」,2304万,一片孤叶行舟
/playlist?id=12672965570,甜歌手册：是浪漫又好听的华语小甜歌~,254,白月不做梦
/playlist?id=8295341817,华语王炸十年，百花齐放百家争鸣,80万,杨大叔呢
/playlist?id=7101720550,及时止损的爱 还是爱吗,434万,宇翊-kay
/playlist?id=8479212009,爱本身就是无解的命题,15万,小翅膀的羽毛
/playlist?id=7231329503,你爱的歌我反复听,336万,小奕降临
/playlist?id=12583818898,落日出逃｜我爱你这句话，秘密了整个秋天,15万,露露在发呆
/playlist?id=7699830193,怀古|南风吹故里，我等故人归,56万,萌萌比卡丘呐
/playlist?id=10113923911,天赐的声音：杨宗纬，张碧晨，汪苏泷，杨坤,50323,一定会成为富婆的
/playlist?id=8250397528,旋律说唱|与众不同的浪漫告白,60万,Zakiya晴子
/playlist?id=4886861414,“挺喜欢你的 但你总让我不开心”,501万,_理想不倒_
/playlist?id=8296420246,旧歌都杀回来了 旧人重逢还会远么.,647万,忘了吧忘了吧就忘了
/playlist?id=12743719220,流金岁月·90至千禧的怀旧回响,94,总有一束光等着你
/playlist?id=7659062744,神级翻唱 | 一开口，回忆自然来,381万,小翅膀的羽毛
/playlist?id=8468668534,孤独 “无人问津的港口总是开满鲜花”,14万,小翅膀的羽毛
/playlist?id=9362827427,车载烟嗓 | 半吨兄弟 虎二 小阿枫 大壮,72万,随心所欲男孩
/playlist?id=5135749222,愛意隨風起 風止意難平.,1162万,写首-诀别诗
/playlist?id=8295326611,极致R&B：终是浪漫世界值孤獨,78607,关于张岸然
/playlist?id=947179807,世事一场大梦，人生几度秋凉,332万,-穷尽诗家笔-
/playlist?id=9325747570,不怕老歌被翻唱就怕老歌带 DJ,23669,万能神经男一号
/playlist?id=12682220557,再听已是曲中人，那些年的华语经典歌曲,326,不二叔爱听歌
/playlist?id=8529996723,只想抱着你的背脊不想放.,100万,发呆的小绵羊08
/playlist?id=12782370102,治愈系丨华语歌词中的季节,23753,RONIN-MUSIC
/playlist?id=6616551334,【中文带感说唱】你的专属说唱歌单,89236,-番茄不炒蛋a-
/playlist?id=7723909656,治愈系|送给你独有的温柔声线,17万,以上皆非-
/playlist?id=7747386295,拜托！听rapper唱情歌超酷的！,1022万,四川贫困人口
/playlist?id=8479235847,华语伤感| 情绪零碎的时候你在想念谁,14万,小翅膀的羽毛
/playlist?id=12671811784,甜蜜浪潮丨跨越岁月的情歌私享,271,关于遗憾的故事
/playlist?id=8468278631,晚安 | 独处时，我才拥有一整个月亮,72763,早起头发会炸毛
/playlist?id=557821741,但愿不后悔认识我，也是真的快乐过,1800万,薛之谦的前女友
/playlist?id=12503959448,90，00后年代经典金曲 | 听来听去还是老歌好,30763,随心所欲男孩
/playlist?id=10081797062,KTV必点歌曲：深情伤感老歌，每首都有回忆,1151万,CtrlUshift
/playlist?id=8468194732,「crush降临」总有一天我会和你去海边,27万,小翅膀的羽毛
/playlist?id=8739487560,心动的信号 | 甜妹当然也要有甜甜的歌单呀,45万,白鱼暮归
/playlist?id=12597401060,谁青春没有一首老歌，谁的青春没有几段回忆,998,不二叔爱听歌
/playlist?id=8383109582,爱意随风起 风止意难平,707万,四川贫困人口
/playlist?id=8827142126,华语 | 90后回忆杀 经典校园网络歌曲,70万,月亮藏不住的小情绪
/playlist?id=12425810550,光的具象化：一起去佛罗伦萨看日落,13万,白鱼暮归
/playlist?id=2067079376,一个比较走心的民谣歌单,5003万,小道先森
/playlist?id=8743086153,车载DJ丨潇洒是我本性 帅是命中注定,169万,猫咖喜欢经典出神舞曲
/playlist?id=12465960819,沙一汀EL‖合集歌单，更新中，敏感小孩,23237,KASABLANKA7
/playlist?id=8399044324,做个快乐的人，比成功更酷哦,365万,爱听歌的狗大叔
/playlist?id=7723848856,治愈|此时便是流星闪过之时,73968,以上皆非-
/playlist?id=7398885375,如果觉得太累，那就做只咸鱼吧！,35万,暮色来迟
/playlist?id=12309013632,超燃的国漫主题曲【最近较火国漫主题曲】,76万,夏雨听澜
/playlist?id=8680779029,古风戏腔，惊鸿一瞥，山海之音,24万,糖炒栗子--Mm
/playlist?id=8242260368,张韶涵2024-2025世界巡回演唱会歌单精选,61万,free_Pro
/playlist?id=7487782627,心动旋律|挖掘星辰大海中的宝藏,550万,圆嘟嘟小甜饼
/playlist?id=8757170690,『DJ』关关难过关关过 前路漫漫亦灿灿,155万,公园过去弹跳音乐
/playlist?id=8742947555,车载DJ丨把所有的烦心事都丢掉,231万,猫咖喜欢经典出神舞曲
/playlist?id=437455305,天生歌姬A-Lin黄丽玲（全收录，无重复）,38万,娇娇吖Link
/playlist?id=8625217770,【民谣歌单】小酒馆里的音乐,79177,小美正在巡逻
/playlist?id=12739868478,清新小调｜借一点干净的阳光让我怦然心动,177,露露在发呆
/playlist?id=9529934852,沈以诚「盛宴」个人演唱会 全歌单,16067,ZZZHENG__
/playlist?id=8295690646,90后指南 | 戴上耳机青春再回味,276万,杨大叔呢
/playlist?id=2852446396,华语民谣 | 让你感受百态人生 （持续更新）,1573万,飞行棋的猫mor
/playlist?id=12431047664,热歌速递丨夏天的遗憾一定会被秋天的风吹散,60万,原创君
/playlist?id=8468263828,有关思念 | 我是放不下你，但我不会再奔,17万,小翅膀的羽毛
/playlist?id=7487855040,温柔华语|在落日余晖里与晚霞热情相拥,48万,骑车去芬兰玩
/playlist?id=8900315913,90后回忆杀：杨丞琳五月天SHE王心凌张韶涵,40万,一定会成为富婆的
/playlist?id=9346801149,烟嗓男人：李宗盛 杨宗纬 萧敬腾 伍佰,39万,一定会成为富婆的
/playlist?id=9117015944,十个勤天！后陡门歌单合集！,51272,_-安于现状-_
/playlist?id=8520018299,伤感烟嗓:半吨兄弟 小阿枫 阿豪 花姐 大壮,151万,星小北_
/playlist?id=12617305423,华语R&B | 夜色缱绻，晚风轻柔的情调,16万,美伢酱子
/playlist?id=4968558616,甜度微醺rap——趁着醉意和你讲浪漫和爱,652万,疼爱欲
/playlist?id=7659070735,治愈翻唱 | 恋爱独属的温柔感,144万,小翅膀的羽毛
/playlist?id=8264004962,华语流行精选：从心动到晚风的温柔时光,44392,哥哥要喝排骨汤吗
/playlist?id=7510188492,心灵羁旅：日子滚烫 又暖又明亮,78246,小翅膀的羽毛
/playlist?id=10188602218,那些不经意哼出却想不起歌名的歌,3413万,微雨染尘埃
/playlist?id=7551922909,不能握的手 从此匿名的朋友,1221万,柯基7441
/playlist?id=7067120515,emo天花板系列「伤感」「痛到心碎的歌曲」,1427万,小琪kiso
/playlist?id=7700805445,旋律说唱rap | 好听不腻的hook,2769万,ZISHUMIXI
/playlist?id=12695802450,DJ音乐丨不怕新歌没人追 就怕老歌带DJ,947,零碎的孤岛终会找到那片海
/playlist?id=8841333405,血脉觉醒：凤凰传奇，刀郎，伍佰，周传雄,26万,一定会成为富婆的
/playlist?id=8746796728,车载DJ丨神曲一响起 油门踩到底,287万,美容院讲涩谷系
/playlist?id=12465894457,00年代华语经典 | 听来听去还是老歌好,2350,诗藏旧梦深
/playlist?id=2217610700,［戏腔］戏子多秋 可怜一处情深旧,5083万,一许桃花醉如烟
/playlist?id=734209333,智者不入爱河 愚者为情所困（持续更新中）,1033万,GuJiner
/playlist?id=5291319353,国风戏腔 ' 侠骨柔情 唱尽人生百态,705万,YouTube全球音乐
/playlist?id=529147879,中文|冷门好听的小众歌曲,26万,Whz_Echo
/playlist?id=12766773304,孙燕姿、张惠妹、莫文蔚、王心凌、蔡健雅,2804,乐爷r
/playlist?id=9528207234,十个勤天演唱会歌单,19万,一支苍耳
/playlist?id=7444749580,耳机里的乐队| 3s带你逃离城市喧嚣,238万,夕日向暖
/playlist?id=8609432801,青春旋律 | 90/00后青春回忆 华语怀旧歌曲,129万,诗藏旧梦深
/playlist?id=8468954397,所爱隔山海 山海不可平.,24万,小翅膀的羽毛
/playlist?id=8476326705,甜度100％ | 心情不好就要听甜甜的歌,205万,总有一束光等着你
/playlist?id=400172850,薛之谦丨其实，我就在你方圆几里,82万,薛之谦的前女友
/playlist?id=8012761698,兰音Reine·仙音缭绕云烟飘渺~,53万,月海千华
/playlist?id=12661590175,开启快乐｜生活在前行，所有美好在路上,11552,困困小椰椰
/playlist?id=7304291565,精选 | 陶喆/方大同/林俊杰/李荣浩,18万,S1mon-x
/playlist?id=8432547454,95后经典华语忆青春流行老歌,382万,Luccccckkky
/playlist?id=7609132593,精选emo伤感 | 还是会忍不住的想你,663万,安定區Stable_zone
/playlist?id=8628783147,华语流行 | 90后青春回忆 怀旧经典歌曲,158万,诗藏旧梦深
/playlist?id=8298411172,【华语R&B】是慵懒 是心动,212万,巴斯關机啦
/playlist?id=9320763655,90后回忆杀丨学生时代MP3里的老歌,44万,乐爷r
/playlist?id=12750073758,那些尘封的经典，一曲唤醒青春记忆,154,不二叔爱听歌
/playlist?id=12423554822,毛不易丨周深丨汪苏泷|单依纯,24623,AlimYusif
/playlist?id=12516338662,白鸽乌鸦相爱的戏码 只会出现在童话,38676,音乐歌单
/playlist?id=9914126621,听一首多巴胺含量极高的小情歌,43万,爱听歌的狗大叔
/playlist?id=12454847228,人类的本质是海水、月亮和一些心碎,11万,原创君
/playlist?id=8870716007,『DJ』不是恋爱谈不起 只是暧昧更有性价比,141万,lisa盈盈
/playlist?id=2470136045,听着一首老歌，回忆一段往事,774万,流年忧光影
/playlist?id=2333142183,有故事的男生，唱着有故事的歌,1974万,爱听歌的狗大叔
/playlist?id=6944219625,失恋emo歌单「忧郁」「心碎」「失眠」,3745万,生活的温柔总会哒哒哒地跑
/playlist?id=7826302743,车载DJ中文【双手插兜什么叫做对手】咚鼓版,470万,ZMR-张小瑞
/playlist?id=5292561212,乐队是浪漫本身,22万,关伱什么柿_
/playlist?id=7220832652,旧歌都杀回来了 那旧人会重逢吗,2193万,ZISHUMIXI
/playlist?id=10184785793,劲爆中文DJ｜车载专用嗨曲精选,46219,困困小椰椰
/playlist?id=12465731363,00年代华语经典 | 永不褪色的怀旧流行歌曲,1208,诗藏旧梦深
/playlist?id=8266295644,旧歌都杀回来了 那旧人还会重逢吗.,188万,发呆的小绵羊08
/playlist?id=8848202782,单依纯 毛不易 周深 希林娜依高,75250,一定会成为富婆的
/playlist?id=9362648657,车载烟嗓：半吨兄弟 宋晓峰 杨小壮 虎二 侯泽润,86万,随心所欲男孩
/playlist?id=2151717076,【华语老歌】女人花似梦，摇曳红尘中,914万,可尼晏
/playlist?id=8790944107,「独处时光」自由/舒适/松弛感/放空,138万,白鱼暮归
/playlist?id=9904041316,徐良 许嵩 汪苏泷 后弦 小贱 乔洋 本兮,17017,一定会成为富婆的
/playlist?id=8468107088,“好多话想说 好多话没说 好多话不能说”,23万,小翅膀的羽毛
/playlist?id=12736557716,甜味rap | 让我们在微醺夜色中绽放,67,Tambition_Hong
/playlist?id=12797756790,伤感中文DJ | 一场意难平罢了,67,一片孤叶行舟
/playlist?id=8755269683,车载DJ丨走完同一条街 回到两个世界,154万,美容院讲涩谷系
/playlist?id=8468095588,温柔 | 誰又能凭爱意将富士山私有,15万,小翅膀的羽毛
/playlist?id=7752129238,国内乐队｜乐队就是浪漫本身,342万,COOLIN1217
/playlist?id=7544237755,KTV热曲: 岁月更迭 往昔难忘,90万,微雨染尘埃
/playlist?id=9211485821,经典老歌300首大全 | 回忆杀80，90后的最爱,42万,随心所欲男孩
/playlist?id=8223880527,2024刘若英飞行日演唱会歌单,23万,东直门新井浩文
/playlist?id=12706306272,带劲土嗨dj女王征服世界,10万,椰子真的好吃
/playlist?id=10164604414,心碎专场 | 虐心歌曲和伤感歌曲合集,2968万,早起头发会炸毛
/playlist?id=5048374812,下次遇见喜欢的人记得要勇敢,988万,螚安Vivienne
/playlist?id=9375834473,张碧晨 周深 汪苏泷 单依纯 张杰 薛之谦 林俊杰 李荣浩,63万,一定会成为富婆的
/playlist?id=8756843404,华语 | 90/00后回忆杀 一人一首成名曲,575万,关于遗憾的故事
/playlist?id=8733062824,汪苏泷0917生日快乐 | 用音乐扩散浪漫,30万,云音乐歌单之友
/playlist?id=5447102217,古风&中文DJ｜中国风也能蹦迪,286万,杰宇情感君
/playlist?id=8408415309,华语R&B｜节奏布鲁斯的漫步轻佻,44万,谨慎的勇士
/playlist?id=8468194910,「清晨慵懒」元气满满起床歌,10万,早起头发会炸毛
/playlist?id=2242881912,五十首走心民谣，致我们终将逝去的青春,1077万,薛定谔的缝纫机
/playlist?id=9845692071,烟嗓男磁音丨开口沦陷，尽显沧桑,93万,总有一束光等着你
/playlist?id=8465997517,欢快小调 | 愿你被这世界温柔以待,35万,小翅膀的羽毛
/playlist?id=6705403146,方大同/王力宏/陶喆 R&B,19万,德卡究尹zq
/playlist?id=10088666171,红歌护体 | 一身正气·吸引力法则稳固磁场,10万,织秋裤
/playlist?id=12229495227,R&B华语RNB|方大同|陶喆（无广版）,39万,你要独当一面
/playlist?id=12756532986,「古风佳酿」谁种芭蕉，空听雨潇潇,6575,Evelauren
/playlist?id=8143590171,90后都是听这些歌长大的,195万,乐爷r
/playlist?id=12697534405,喊麦合集｜奏一曲东风破 唱一曲梨花落,8003,音乐歌单
/playlist?id=8889441369,深情烟嗓：半吨兄弟 大壮 花姐 苏谭谭 韩小欠,88万,随心所欲男孩
/playlist?id=8216049028,总以为某首歌唱的是自己,50019,温柔在消失不见
/playlist?id=492725541,你曾予我怦然欢喜，未料爱情徒有虚名,819万,--苏麻离青--
/playlist?id=2020864493,人这一辈子，最怕突然听懂了一首歌。,8878万,mayuko然
/playlist?id=10131610311,你到底是承受了多少委屈才能如此温柔,757万,圆嘟嘟小甜饼
/playlist?id=551801688,独立乐队：摇滚是一场浪漫逃亡,573万,时光如水你好
/playlist?id=12771032376,CD里的青春，90后回忆杀老歌推荐牒,161,不二叔爱听歌
/playlist?id=8545011910,「伤感」提起满是遗憾，想起满是喜欢,263万,秃秃怪兽呀1314
/playlist?id=8393011931,华语抒情丨拾起你的记忆碎片,48万,还未去过哪倒悬山
/playlist?id=7659356637,开口就惊艳了耳朵的神级翻唱合集,345万,小翅膀的羽毛
/playlist?id=7487901220,学习ing|温柔华语抚慰疲惫,304万,骑车去芬兰玩
/playlist?id=9083627994,孙燕姿、莫文蔚、田馥甄、蔡健雅、梁静茹,92万,乐爷r
/playlist?id=2967337886,斩虍的rap歌单『追逐梦想』,154万,斩几的虍
/playlist?id=5484367850,0.8x你还不懂吗？他不会回来了...,394万,雾岛救赎
/playlist?id=12661568160,治愈良方 | 生活再平凡也别看轻自己,343,麦女士努先森
/playlist?id=12593323777,合伙人优选 | 娓娓道来的优质华语女声,2657,音乐合伙人
/playlist?id=5027538494,留不住的人和事太多 所以 没关系 尽力就好,33万,overcastn
/playlist?id=12819444056,R&B放空剂：安抚焦躁小情绪,9352,李铭恩
/playlist?id=8858822909,BE美学│“你瞧，月亮注定是要西沉的”,48248,Evelauren
/playlist?id=2932022631,你一定会遇到满心满眼都是你的人,960万,迟到情书
/playlist?id=7298444552,【華語R&B】每天都要沉溺在華語R&B的海洋里,11万,Sept0ne
/playlist?id=12786569367,伤感烟嗓 | 我真怕自己哪天倒下 谁撑这个家,935,诗藏旧梦深
/playlist?id=2145356799,我永不凋零的少女梦境,2219万,仿生乞丐会讨到电子饭吗
/playlist?id=9128056631,请保持很多的热爱 和一点点的野心,39万,凌晨一点的莱茵猫
/playlist?id=12430878719,热歌速递丨成为遗憾或许能被记得久一点,15万,原创君
/playlist?id=3116642242,［励志］去看看山顶的风景！,15093,网易云音乐就是4
/playlist?id=8468676710,我们都挣扎在淤泥中 都怀念着最初的自己,11万,小翅膀的羽毛
/playlist?id=6958950382,爱意随风起 风止意难平,1524万,空海间
/playlist?id=8404262370,寻茶古风 | 我是人间客 闲来听花落,195万,诗藏旧梦深
/playlist?id=12761998000,爱而不得，是耳机难以传达的情绪,119,艾君子-
/playlist?id=2577992001,0.7x/0.8x遗憾吗最后我们还是分开了,722万,爱吃饺子的小羊
/playlist?id=2821194580,遇到烦恼的时候，快来哼一首快乐的歌,1104万,灬松风竹影
/playlist?id=8438534877,岁月如歌 | 听一曲情声醇厚,18万,萌萌比卡丘呐
/playlist?id=9617557280,顶级音综：神级演唱震撼人心,21万,一定会成为富婆的
/playlist?id=10006984486,经典老歌8090后 | 一人一首成名曲,12万,厦门小恶魔-
/playlist?id=12741265066,“该怎么跟你描述这种感觉呢”,250,失忆宇宙
/playlist?id=7537270295,酣唱进行中：一曲惊艳全场,14万,微雨染尘埃
/playlist?id=8418068052,【民谣】唱着人间烟火，理想，爱情，远方,102万,总有一束光等着你
/playlist?id=12210958349,8090后怀旧金曲，一听泪奔的经典老歌！,44万,不二叔爱听歌
/playlist?id=8468223192,宁静夏夜 | 世界准时进入最浪漫的时间,93894,早起头发会炸毛
/playlist?id=10085361140,「热歌」回家路上不得不循环的音律,398万,辅助做眼离奇失踪
/playlist?id=17051302,高兴就胡闹着 悲伤也窜跳着,587万,YouTube热门日推
/playlist?id=12706929392,现代情话｜在时光里与浪漫偶遇,132,不是阿倩
/playlist?id=12373714681,大宽「大龄少男」2024(秋冬)个人巡演乐队版,35761,忍冬ISTJ-A
/playlist?id=10045352018,音综：天赐的声音5全收录,21万,一定会成为富婆的
/playlist?id=12761402210,青春不老，回忆不散，90后经典老歌集锦,103,不二叔爱听歌
/playlist?id=5263312000,车载DJ音乐丨一听就上头,88万,蒋松余-1
/playlist?id=12594946585,〔恍恍·惚惚〕已经隔世，一人一首周传雄,1338,一人众天WQ莣情
/playlist?id=8161506548,【甜妹日常】浪漫小调的发酵,159万,总有一束光等着你
/playlist?id=12671323241,华语精选｜生活本来就应该五颜六色,784,小廖是颗开心的荷包蛋
/playlist?id=2846453528,因为遇见了温柔的人 所以想温柔待人,337万,可你怎么总是忘记我很爱你
/playlist?id=7344409868,恋爱循环丨rapper制造の全糖酥语,52万,张以晨_
/playlist?id=8831244886,『DJ』或许短暂难堪 或许本该这样,250万,Flyin_wink
/playlist?id=10091746226,韦礼安「如果可以，明天再见」演唱会歌单,23245,ZZZHENG__
/playlist?id=12661678149,抒情音符 | 前方终会是温柔和月光,22376,月牙超级甜y_y
/playlist?id=7509786454,民谣 | 再忆青春 致那美好的曾经,446万,月亮藏不住的小情绪
/playlist?id=7018608964,车载中文DJ｜自驾游的伴奏,972万,_恰瑞_
/playlist?id=7700776998,伤感说唱rap｜再也找不到那时的自己,1207万,ZISHUMIXI
/playlist?id=12574169305,余佳运「45㎡」巡回演唱会歌单,8827,ZZZHENG__
/playlist?id=8816717309,0.7/0.8x什么都明白的人 最温柔也最冷淡,135万,Jr_Jason
